observation_date,asset_id,asset_group,risk_band,close_price,volume,daily_return,rolling_20_observation_price,price_vs_rolling_average_pct,target_weight,slippage_bps,transaction_fee
2025-01-01,ASSET_A,"Growth Equity",High,98.65,800000,,98.65,0.0,0.35,3.0,0.8
2025-01-01,ASSET_B,"Quality Equity",Medium,78.92,800000,,78.92,0.0,0.3,3.0,0.8
2025-01-01,ASSET_C,"Defensive Equity",Low,59.19,800000,,59.19,0.0,0.2,3.0,0.8
2025-01-01,ASSET_D,Diversifier,Medium,39.46,800000,,39.46,0.0,0.15,3.0,0.8
2025-01-02,ASSET_A,"Growth Equity",High,99.1694,823757,0.00526507856056746,98.9097,0.262563,0.35,4.0,0.8
2025-01-02,ASSET_B,"Quality Equity",Medium,79.5558,839595,0.00805625950329447,79.2379,0.401197,0.3,4.0,0.8
2025-01-02,ASSET_C,"Defensive Equity",Low,59.835,855433,0.0108971109984795,59.5125,0.541903,0.2,4.0,0.8
2025-01-02,ASSET_D,Diversifier,Medium,40.014,871271,0.0140395337050179,39.737,0.697083,0.15,4.0,0.8
2025-01-03,ASSET_A,"Growth Equity",High,99.6894,847514,0.00524355295080947,99.1696,0.524153,0.35,5.0,0.8
2025-01-03,ASSET_B,"Quality Equity",Medium,80.1921,879190,0.00799815978219054,79.5559666666667,0.799605,0.3,5.0,0.8
2025-01-03,ASSET_C,"Defensive Equity",Low,60.4802,910866,0.0107829865463358,59.8350666666667,1.078186,0.2,5.0,0.8
2025-01-03,ASSET_D,Diversifier,Medium,40.5684,942542,0.0138551506972557,40.0141333333333,1.385177,0.15,5.0,0.8
2025-01-04,ASSET_A,"Growth Equity",High,100.21,871271,0.00522222021599084,99.4297,0.784776,0.35,2.0,0.8
2025-01-04,ASSET_B,"Quality Equity",Medium,80.829,918785,0.00794217884305315,79.874225,1.195348,0.3,2.0,0.8
2025-01-04,ASSET_C,"Defensive Equity",Low,59.4145,966299,-0.0176206427888798,59.729925,-0.528085,0.2,2.0,0.8
2025-01-04,ASSET_D,Diversifier,Medium,39.9819,1013813,-0.0144570651048598,40.006075,-0.060428,0.15,2.0,0.8
2025-01-05,ASSET_A,"Growth Equity",High,100.7313,895028,0.00520207564115371,99.69002,1.044518,0.35,3.0,0.8
2025-01-05,ASSET_B,"Quality Equity",Medium,79.1823,958380,-0.0203726385331997,79.73584,-0.694217,0.3,3.0,0.8
2025-01-05,ASSET_C,"Defensive Equity",Low,60.06,1021732,0.0108643512947177,59.79594,0.441602,0.2,3.0,0.8
2025-01-05,ASSET_D,Diversifier,Medium,40.5367,1085084,0.0138762790162548,40.1122,1.058282,0.15,3.0,0.8
2025-01-06,ASSET_A,"Growth Equity",High,101.2532,918785,0.00518111053863102,99.95055,1.303294,0.35,4.0,0.8
2025-01-06,ASSET_B,"Quality Equity",Medium,79.8192,997975,0.00804346425905789,79.7497333333333,0.087106,0.3,4.0,0.8
2025-01-06,ASSET_C,"Defensive Equity",Low,60.7058,1077165,0.0107525807525808,59.9475833333333,1.264799,0.2,4.0,0.8
2025-01-06,ASSET_D,Diversifier,Medium,39.9498,1156355,-0.0144782382384357,40.0851333333333,-0.337615,0.15,4.0,0.8
2025-01-07,ASSET_A,"Growth Equity",High,101.7757,942542,0.00516033073522615,100.211285714286,1.561116,0.35,5.0,0.8
2025-01-07,ASSET_B,"Quality Equity",Medium,80.4566,1037570,0.00798554733698165,79.8507142857143,0.758773,0.3,5.0,0.8
2025-01-07,ASSET_C,"Defensive Equity",Low,59.6393,1132598,-0.0175683377865048,59.9035428571429,-0.441114,0.2,5.0,0.8
2025-01-07,ASSET_D,Diversifier,Medium,40.5049,1227626,0.0138949381473747,40.1451,0.896249,0.15,5.0,0.8
2025-01-08,ASSET_A,"Growth Equity",High,99.4349,966299,-0.0229995961707952,100.1142375,-0.678562,0.35,2.0,0.8
2025-01-08,ASSET_B,"Quality Equity",Medium,81.0946,1077165,0.00792974100322419,80.0062,1.360395,0.3,2.0,0.8
2025-01-08,ASSET_C,"Defensive Equity",Low,60.2853,1188031,0.0108317837399166,59.9512625,0.557182,0.2,2.0,0.8
2025-01-08,ASSET_D,Diversifier,Medium,39.9176,1298897,-0.0144994803097896,40.1166625,-0.496209,0.15,2.0,0.8
2025-01-09,ASSET_A,"Growth Equity",High,99.9566,990056,0.00524664881243897,100.096722222222,-0.139987,0.35,3.0,0.8
2025-01-09,ASSET_B,"Quality Equity",Medium,79.445,1116760,-0.0203416750313832,79.9438444444444,-0.623994,0.3,3.0,0.8
2025-01-09,ASSET_C,"Defensive Equity",Low,60.9316,1243464,0.0107206897867309,60.0601888888889,1.450896,0.2,3.0,0.8
2025-01-09,ASSET_D,Diversifier,Medium,40.473,1370168,0.0139136621440166,40.1562555555556,0.78878,0.15,3.0,0.8
2025-01-10,ASSET_A,"Growth Equity",High,100.4791,1013813,0.00522726863458756,100.13496,0.343676,0.35,4.0,0.8
2025-01-10,ASSET_B,"Quality Equity",Medium,80.083,1156355,0.00803071307193659,79.95776,0.156633,0.3,4.0,0.8
2025-01-10,ASSET_C,"Defensive Equity",Low,59.8644,1298897,-0.0175147214253359,60.04061,-0.293485,0.2,4.0,0.8
2025-01-10,ASSET_D,Diversifier,Medium,39.8852,841439,-0.0145232624218615,40.12915,-0.607912,0.15,4.0,0.8
2025-01-11,ASSET_A,"Growth Equity",High,101.0021,1037570,0.00520506254534525,100.213790909091,0.786627,0.35,5.0,0.8
2025-01-11,ASSET_B,"Quality Equity",Medium,80.7216,1195950,0.00797422673975756,80.0272,0.867705,0.3,5.0,0.8
2025-01-11,ASSET_C,"Defensive Equity",Low,60.5109,1354330,0.0107994066590493,60.0833636363636,0.711572,0.2,5.0,0.8
2025-01-11,ASSET_D,Diversifier,Medium,40.4411,912710,0.013937500626799,40.1575090909091,0.706196,0.15,5.0,0.8
2025-01-12,ASSET_A,"Growth Equity",High,101.5258,1061327,0.00518504070707437,100.323125,1.198801,0.35,2.0,0.8
2025-01-12,ASSET_B,"Quality Equity",Medium,81.3608,1235545,0.0079185744583854,80.1383333333333,1.525446,0.3,2.0,0.8
2025-01-12,ASSET_C,"Defensive Equity",Low,59.443,809763,-0.0176480601015685,60.03,-0.977844,0.2,2.0,0.8
2025-01-12,ASSET_D,Diversifier,Medium,39.8528,983981,-0.0145470820526642,40.1321166666667,-0.695993,0.15,2.0,0.8
2025-01-13,ASSET_A,"Growth Equity",High,102.0501,1085084,0.00516420456672084,100.455969230769,1.586895,0.35,3.0,0.8
2025-01-13,ASSET_B,"Quality Equity",Medium,79.7081,1275140,-0.0203132220922114,80.1052384615384,-0.495771,0.3,3.0,0.8
2025-01-13,ASSET_C,"Defensive Equity",Low,60.0897,865196,0.0108793297781069,60.0345923076923,0.091793,0.2,3.0,0.8
2025-01-13,ASSET_D,Diversifier,Medium,40.409,1055252,0.0139563594026015,40.1534153846154,0.63652,0.15,3.0,0.8
2025-01-14,ASSET_A,"Growth Equity",High,99.6991,1108841,-0.0230377040296874,100.401907142857,-0.699994,0.35,4.0,0.8
2025-01-14,ASSET_B,"Quality Equity",Medium,80.3473,1314735,0.00801926027593192,80.1225285714286,0.280535,0.3,4.0,0.8
2025-01-14,ASSET_C,"Defensive Equity",Low,60.7368,920629,0.0107689004937619,60.08475,1.085217,0.2,4.0,0.8
2025-01-14,ASSET_D,Diversifier,Medium,39.8204,1126523,-0.0145660620158875,40.1296285714286,-0.770574,0.15,4.0,0.8
2025-01-15,ASSET_A,"Growth Equity",High,100.2227,1132598,0.00525180267424674,100.38996,-0.16661,0.35,5.0,0.8
2025-01-15,ASSET_B,"Quality Equity",Medium,80.987,1354330,0.00796168632922312,80.18016,1.006284,0.3,5.0,0.8
2025-01-15,ASSET_C,"Defensive Equity",Low,59.6681,976062,-0.0175955927872393,60.0569733333333,-0.647507,0.2,5.0,0.8
2025-01-15,ASSET_D,Diversifier,Medium,40.3769,1197794,0.0139752488674147,40.1461133333333,0.574867,0.15,5.0,0.8
2025-01-16,ASSET_A,"Growth Equity",High,100.7468,1156355,0.00522935422813386,100.4122625,0.333164,0.35,2.0,0.8
2025-01-16,ASSET_B,"Quality Equity",Medium,81.6273,1393925,0.00790620716905188,80.27060625,1.69015,0.3,2.0,0.8
2025-01-16,ASSET_C,"Defensive Equity",Low,60.3153,1031495,0.0108466668119145,60.07311875,0.403144,0.2,2.0,0.8
2025-01-16,ASSET_D,Diversifier,Medium,39.7878,1269065,-0.0145900254848689,40.12371875,-0.837207,0.15,2.0,0.8
2025-01-17,ASSET_A,"Growth Equity",High,101.2717,1180112,0.0052100910401125,100.462817647059,0.805156,0.35,3.0,0.8
2025-01-17,ASSET_B,"Quality Equity",Medium,79.9717,833520,-0.0202824300203487,80.2530235294118,-0.350546,0.3,3.0,0.8
2025-01-17,ASSET_C,"Defensive Equity",Low,60.9629,1086928,0.0107369108667286,60.1254588235294,1.392823,0.2,3.0,0.8
2025-01-17,ASSET_D,Diversifier,Medium,40.3447,1340336,0.0139967527734635,40.1367176470588,0.518185,0.15,3.0,0.8
2025-01-18,ASSET_A,"Growth Equity",High,101.7971,1203869,0.00518802390006301,100.536944444444,1.253425,0.35,4.0,0.8
2025-01-18,ASSET_B,"Quality Equity",Medium,80.612,873115,0.00800658232849871,80.2729666666667,0.422351,0.3,4.0,0.8
2025-01-18,ASSET_C,"Defensive Equity",Low,59.8935,1142361,-0.0175418164162137,60.1125722222222,-0.364437,0.2,4.0,0.8
2025-01-18,ASSET_D,Diversifier,Medium,39.7551,811607,-0.014614063309431,40.1155166666667,-0.898447,0.15,4.0,0.8
2025-01-19,ASSET_A,"Growth Equity",High,102.3232,1227626,0.00516812364988795,100.630957894737,1.681632,0.35,5.0,0.8
2025-01-19,ASSET_B,"Quality Equity",Medium,81.2529,912710,0.0079504292164938,80.3245421052631,1.155759,0.3,5.0,0.8
2025-01-19,ASSET_C,"Defensive Equity",Low,60.5412,1197794,0.0108141951964738,60.1351315789474,0.67526,0.2,5.0,0.8
2025-01-19,ASSET_D,Diversifier,Medium,40.3124,882878,0.014018327208333,40.1258789473684,0.46484,0.15,5.0,0.8
2025-01-20,ASSET_A,"Growth Equity",High,99.962,1251383,-0.0230759006755066,100.59751,-0.631735,0.35,2.0,0.8
2025-01-20,ASSET_B,"Quality Equity",Medium,79.5948,952305,-0.0204066562547305,80.288055,-0.86346,0.3,2.0,0.8
2025-01-20,ASSET_C,"Defensive Equity",Low,59.4712,1253227,-0.01767391462343,60.101935,-1.049442,0.2,2.0,0.8
2025-01-20,ASSET_D,Diversifier,Medium,39.7224,954149,-0.0146356952203291,40.105705,-0.955737,0.15,2.0,0.8
2025-01-21,ASSET_A,"Growth Equity",High,100.4874,1275140,0.00525599727896586,100.68938,-0.200597,0.35,3.0,0.8
2025-01-21,ASSET_B,"Quality Equity",Medium,80.2357,991900,0.00805203354993034,80.35384,-0.147025,0.3,3.0,0.8
2025-01-21,ASSET_C,"Defensive Equity",Low,60.1191,1308660,0.0108943488612976,60.14839,-0.048696,0.2,3.0,0.8
2025-01-21,ASSET_D,Diversifier,Medium,40.28,1025420,0.0140374196926671,40.146705,0.33202,0.15,3.0,0.8
2025-01-22,ASSET_A,"Growth Equity",High,101.0134,1298897,0.00523448710982688,100.78158,0.230022,0.35,4.0,0.8
2025-01-22,ASSET_B,"Quality Equity",Medium,80.8771,1031495,0.00799394783120233,80.419905,0.56851,0.3,4.0,0.8
2025-01-22,ASSET_C,"Defensive Equity",Low,60.7674,1364093,0.0107835945647889,60.19501,0.950893,0.2,4.0,0.8
2025-01-22,ASSET_D,Diversifier,Medium,40.838,1096691,0.0138530287984111,40.187905,1.617638,0.15,4.0,0.8
2025-01-23,ASSET_A,"Growth Equity",High,101.54,1322654,0.00521316973787633,100.87411,0.66012,0.35,5.0,0.8
2025-01-23,ASSET_B,"Quality Equity",Medium,81.5191,1071090,0.00793797008052954,80.486255,1.283256,0.3,5.0,0.8
2025-01-23,ASSET_C,"Defensive Equity",Low,59.6965,819526,-0.0176229359821221,60.155825,-0.763559,0.2,5.0,0.8
2025-01-23,ASSET_D,Diversifier,Medium,40.2475,1167962,-0.0144595719672853,40.17186,0.188291,0.15,5.0,0.8
2025-01-24,ASSET_A,"Growth Equity",High,102.0672,1346411,0.00519204254480976,100.96697,1.089693,0.35,2.0,0.8
2025-01-24,ASSET_B,"Quality Equity",Medium,79.8581,1110685,-0.0203755929591961,80.43771,-0.72057,0.3,2.0,0.8
2025-01-24,ASSET_C,"Defensive Equity",Low,60.345,874959,0.0108632834420779,60.20235,0.236951,0.2,2.0,0.8
2025-01-24,ASSET_D,Diversifier,Medium,40.8059,1239233,0.0138741536741411,40.21306,1.474247,0.15,2.0,0.8
2025-01-25,ASSET_A,"Growth Equity",High,102.5951,1370168,0.00517208270629554,101.06016,1.518838,0.35,3.0,0.8
2025-01-25,ASSET_B,"Quality Equity",Medium,80.5001,1150280,0.00803925963678087,80.5036,-0.004348,0.3,3.0,0.8
2025-01-25,ASSET_C,"Defensive Equity",Low,60.9938,930392,0.0107515121385369,60.24904,1.236136,0.2,3.0,0.8
2025-01-25,ASSET_D,Diversifier,Medium,40.215,1310504,-0.0144807491073594,40.196975,0.044842,0.15,3.0,0.8
2025-01-26,ASSET_A,"Growth Equity",High,103.1236,1393925,0.00515131814287417,101.15368,1.947453,0.35,4.0,0.8
2025-01-26,ASSET_B,"Quality Equity",Medium,81.1427,1189875,0.00798259877938046,80.569775,0.711092,0.3,4.0,0.8
2025-01-26,ASSET_C,"Defensive Equity",Low,59.9222,985825,-0.0175689988162732,60.20986,-0.477762,0.2,4.0,0.8
2025-01-26,ASSET_D,Diversifier,Medium,40.7737,1381775,0.0138928260599278,40.23817,1.3309,0.15,4.0,0.8
2025-01-27,ASSET_A,"Growth Equity",High,100.7509,817682,-0.0230083123552707,101.10244,-0.347707,0.35,5.0,0.8
2025-01-27,ASSET_B,"Quality Equity",Medium,81.7858,1229470,0.00792554351777786,80.636235,1.425618,0.3,5.0,0.8
2025-01-27,ASSET_C,"Defensive Equity",Low,60.5712,1041258,0.0108307104879326,60.256455,0.522342,0.2,5.0,0.8
2025-01-27,ASSET_D,Diversifier,Medium,40.1824,853046,-0.0145019951586438,40.222045,-0.098565,0.15,5.0,0.8
2025-01-28,ASSET_A,"Growth Equity",High,101.2787,841439,0.00523866288043084,101.19463,0.083078,0.35,2.0,0.8
2025-01-28,ASSET_B,"Quality Equity",Medium,80.1218,1269065,-0.0203458302052435,80.587595,-0.577998,0.3,2.0,0.8
2025-01-28,ASSET_C,"Defensive Equity",Low,61.2205,1096691,0.0107196159230789,60.303215,1.521121,0.2,2.0,0.8
2025-01-28,ASSET_D,Diversifier,Medium,40.7414,924317,0.0139115632714819,40.263235,1.187597,0.15,2.0,0.8
2025-01-29,ASSET_A,"Growth Equity",High,101.8071,865196,0.00521728655679832,101.287155,0.513338,0.35,3.0,0.8
2025-01-29,ASSET_B,"Quality Equity",Medium,80.765,1308660,0.00802777770843899,80.653595,0.138128,0.3,3.0,0.8
2025-01-29,ASSET_C,"Defensive Equity",Low,60.1481,1152124,-0.0175170081917005,60.26404,-0.192387,0.2,3.0,0.8
2025-01-29,ASSET_D,Diversifier,Medium,40.1496,995588,-0.0145257649467126,40.247065,-0.242167,0.15,3.0,0.8
2025-01-30,ASSET_A,"Growth Equity",High,102.3361,888953,0.00519610125423475,101.380005,0.94308,0.35,4.0,0.8
2025-01-30,ASSET_B,"Quality Equity",Medium,81.4087,1348255,0.0079700365257227,80.71988,0.853346,0.3,4.0,0.8
2025-01-30,ASSET_C,"Defensive Equity",Low,60.7976,1207557,0.0107983460824199,60.3107,0.807319,0.2,4.0,0.8
2025-01-30,ASSET_D,Diversifier,Medium,40.709,1066859,0.0139328909877061,40.288255,1.044337,0.15,4.0,0.8
2025-01-31,ASSET_A,"Growth Equity",High,102.8658,912710,0.00517608155870697,101.47319,1.372392,0.35,5.0,0.8
2025-01-31,ASSET_B,"Quality Equity",Medium,82.053,1387850,0.00791438752860563,80.78645,1.567775,0.3,5.0,0.8
2025-01-31,ASSET_C,"Defensive Equity",Low,59.7246,1262990,-0.0176487229759069,60.271385,-0.907205,0.2,5.0,0.8
2025-01-31,ASSET_D,Diversifier,Medium,40.1169,1138130,-0.0145446952762289,40.272045,-0.385242,0.15,5.0,0.8
2025-02-01,ASSET_A,"Growth Equity",High,103.396,936467,0.00515428840294829,101.5667,1.801082,0.35,3.0,0.85
2025-02-01,ASSET_B,"Quality Equity",Medium,80.386,827445,-0.0203161371308789,80.73771,-0.43562,0.3,3.0,0.85
2025-02-01,ASSET_C,"Defensive Equity",Low,60.3743,1318423,0.010878264567699,60.31795,0.093422,0.2,3.0,0.85
2025-02-01,ASSET_D,Diversifier,Medium,40.6766,1209401,0.0139517260805297,40.313235,0.901354,0.15,3.0,0.85
2025-02-02,ASSET_A,"Growth Equity",High,101.0131,960224,-0.0230463460868893,101.51485,-0.494263,0.35,4.0,0.85
2025-02-02,ASSET_B,"Quality Equity",Medium,81.0303,867040,0.00801507725225781,80.80382,0.280284,0.3,4.0,0.85
2025-02-02,ASSET_C,"Defensive Equity",Low,61.0243,1373856,0.010766170373818,60.36468,1.092725,0.2,4.0,0.85
2025-02-02,ASSET_D,Diversifier,Medium,40.084,1280672,-0.0145685725945629,40.296985,-0.528538,0.15,4.0,0.85
2025-02-03,ASSET_A,"Growth Equity",High,101.5427,983981,0.00524288433876396,101.60703,-0.063313,0.35,5.0,0.85
2025-02-03,ASSET_B,"Quality Equity",Medium,81.6751,906635,0.00795751712630954,80.87021,0.995286,0.3,5.0,0.85
2025-02-03,ASSET_C,"Defensive Equity",Low,59.9505,829289,-0.0175962690272563,60.325365,-0.621405,0.2,5.0,0.85
2025-02-03,ASSET_D,Diversifier,Medium,40.6441,1351943,0.0139731563716197,40.33817,0.758413,0.15,5.0,0.85
2025-02-04,ASSET_A,"Growth Equity",High,102.0729,1007738,0.0052214487107396,101.69954,0.367121,0.35,2.0,0.85
2025-02-04,ASSET_B,"Quality Equity",Medium,82.3205,946230,0.00790204113616011,80.936885,1.709499,0.3,2.0,0.85
2025-02-04,ASSET_C,"Defensive Equity",Low,60.6008,884722,0.0108472823412649,60.372,0.378984,0.2,2.0,0.85
2025-02-04,ASSET_D,Diversifier,Medium,40.051,823214,-0.0145925238841553,40.321875,-0.671782,0.15,2.0,0.85
2025-02-05,ASSET_A,"Growth Equity",High,102.6037,1031495,0.00520020495155915,101.792385,0.797029,0.35,3.0,0.85
2025-02-05,ASSET_B,"Quality Equity",Medium,80.6505,985825,-0.0202865628853081,80.888045,-0.293671,0.3,3.0,0.85
2025-02-05,ASSET_C,"Defensive Equity",Low,61.2513,940155,0.0107341817269739,60.4188,1.377882,0.2,3.0,0.85
2025-02-05,ASSET_D,Diversifier,Medium,40.6115,894485,0.013994656812564,40.36306,0.615513,0.15,3.0,0.85
2025-02-06,ASSET_A,"Growth Equity",High,103.1351,1055252,0.00517915045948625,101.885555,1.22642,0.35,4.0,0.85
2025-02-06,ASSET_B,"Quality Equity",Medium,81.296,1025420,0.00800367015703585,80.95426,0.42214,0.3,4.0,0.85
2025-02-06,ASSET_C,"Defensive Equity",Low,60.1768,995588,-0.0175424848125673,60.379495,-0.335702,0.2,4.0,0.85
2025-02-06,ASSET_D,Diversifier,Medium,40.018,965756,-0.0146140871428043,40.346725,-0.81475,0.15,4.0,0.85
2025-02-07,ASSET_A,"Growth Equity",High,103.6672,1079009,0.00515925228171588,101.97906,1.655379,0.35,5.0,0.85
2025-02-07,ASSET_B,"Quality Equity",Medium,81.942,1065015,0.00794627041920859,81.02076,1.137042,0.3,5.0,0.85
2025-02-07,ASSET_C,"Defensive Equity",Low,60.8275,1051021,0.010813137288789,60.426195,0.664124,0.2,5.0,0.85
2025-02-07,ASSET_D,Diversifier,Medium,40.5788,1037027,0.0140136938377731,40.38791,0.472641,0.15,5.0,0.85
2025-02-08,ASSET_A,"Growth Equity",High,101.2741,1102766,-0.0230844471539695,101.926605,-0.640171,0.35,2.0,0.85
2025-02-08,ASSET_B,"Quality Equity",Medium,80.2695,1104610,-0.0204107783554222,80.97159,-0.867082,0.3,2.0,0.85
2025-02-08,ASSET_C,"Defensive Equity",Low,59.7523,1106454,-0.0176762155275164,60.38675,-1.050644,0.2,2.0,0.85
2025-02-08,ASSET_D,Diversifier,Medium,39.9848,1108298,-0.0146381854564452,40.37153,-0.957928,0.15,2.0,0.85
2025-02-09,ASSET_A,"Growth Equity",High,101.8054,1126523,0.00524615869210399,102.018775,-0.209153,0.35,3.0,0.85
2025-02-09,ASSET_B,"Quality Equity",Medium,80.9156,1144205,0.00804913447822653,81.03763,-0.150584,0.3,3.0,0.85
2025-02-09,ASSET_C,"Defensive Equity",Low,60.4032,1161887,0.0108933045255162,60.43335,-0.04989,0.2,3.0,0.85
2025-02-09,ASSET_D,Diversifier,Medium,40.546,1179569,0.014035333426702,40.41271,0.329822,0.15,3.0,0.85
2025-02-10,ASSET_A,"Growth Equity",High,102.3374,1150280,0.00522565600645941,102.111275,0.22145,0.35,4.0,0.85
2025-02-10,ASSET_B,"Quality Equity",Medium,81.5622,1183800,0.00799104251837734,81.103955,0.565009,0.3,4.0,0.85
2025-02-10,ASSET_C,"Defensive Equity",Low,61.0545,1217320,0.0107825413223139,60.48012,0.9497,0.2,4.0,0.85
2025-02-10,ASSET_D,Diversifier,Medium,41.1076,1250840,0.0138509347407882,40.45409,1.615436,0.15,4.0,0.85
2025-02-11,ASSET_A,"Growth Equity",High,102.87,1174037,0.00520435344263204,102.204105,0.651534,0.35,5.0,0.85
2025-02-11,ASSET_B,"Quality Equity",Medium,82.2093,1223395,0.00793382228532336,81.170565,1.279694,0.3,5.0,0.85
2025-02-11,ASSET_C,"Defensive Equity",Low,59.9785,1272753,-0.0176235985881467,60.440675,-0.764675,0.2,5.0,0.85
2025-02-11,ASSET_D,Diversifier,Medium,40.5131,1322111,-0.0144620459477078,40.437845,0.1861,0.15,5.0,0.85
2025-02-12,ASSET_A,"Growth Equity",High,103.4032,1197794,0.00518324098376577,102.297265,1.081099,0.35,2.0,0.85
2025-02-12,ASSET_B,"Quality Equity",Medium,80.5339,1262990,-0.0203796894025371,81.121305,-0.724107,0.3,2.0,0.85
2025-02-12,ASSET_C,"Defensive Equity",Low,60.63,1328186,0.010862225630851,60.48735,0.235834,0.2,2.0,0.85
2025-02-12,ASSET_D,Diversifier,Medium,41.0751,1393382,0.0138720561991059,40.479225,1.472051,0.15,2.0,0.85
2025-02-13,ASSET_A,"Growth Equity",High,103.9371,1221551,0.00516328314791026,102.39076,1.510234,0.35,3.0,0.85
2025-02-13,ASSET_B,"Quality Equity",Medium,81.181,1302585,0.00803512558065611,81.18745,-0.007945,0.3,3.0,0.85
2025-02-13,ASSET_C,"Defensive Equity",Low,61.2818,1383619,0.0107504535708394,60.53419,1.235021,0.2,3.0,0.85
2025-02-13,ASSET_D,Diversifier,Medium,40.4802,864653,-0.0144832270645718,40.46294,0.042656,0.15,3.0,0.85
2025-02-14,ASSET_A,"Growth Equity",High,104.4716,1245308,0.00514253332063319,102.484585,1.938843,0.35,4.0,0.85
2025-02-14,ASSET_B,"Quality Equity",Medium,81.8288,1342180,0.0079796996834236,81.253885,0.707554,0.3,4.0,0.85
2025-02-14,ASSET_C,"Defensive Equity",Low,60.205,839052,-0.0175712854387436,60.49475,-0.478967,0.2,4.0,0.85
2025-02-14,ASSET_D,Diversifier,Medium,41.0425,935924,0.0138907416465333,40.504315,1.32871,0.15,4.0,0.85
2025-02-15,ASSET_A,"Growth Equity",High,102.0669,1269065,-0.0230177387921693,102.43175,-0.356188,0.35,5.0,0.85
2025-02-15,ASSET_B,"Quality Equity",Medium,82.477,1381775,0.00792141642062449,81.3206,1.422026,0.3,5.0,0.85
2025-02-15,ASSET_C,"Defensive Equity",Low,60.857,894485,0.0108296653101903,60.54149,0.521147,0.2,5.0,0.85
2025-02-15,ASSET_D,Diversifier,Medium,40.4472,1007195,-0.0145044770664554,40.48799,-0.100746,0.15,5.0,0.85
2025-02-16,ASSET_A,"Growth Equity",High,102.6007,1292822,0.00522990313216143,102.52424,0.074577,0.35,2.0,0.85
2025-02-16,ASSET_B,"Quality Equity",Medium,80.7986,821370,-0.0203499157340836,81.27124,-0.581559,0.3,2.0,0.85
2025-02-16,ASSET_C,"Defensive Equity",Low,61.5093,949918,0.010718569761901,60.588395,1.519936,0.2,2.0,0.85
2025-02-16,ASSET_D,Diversifier,Medium,41.0098,1078466,0.013909491880773,40.52936,1.185412,0.15,2.0,0.85
2025-02-17,ASSET_A,"Growth Equity",High,103.1351,1316579,0.00520854146219274,102.61706,0.504828,0.35,3.0,0.85
2025-02-17,ASSET_B,"Quality Equity",Medium,81.4469,860965,0.00802365387519099,81.337495,0.134507,0.3,3.0,0.85
2025-02-17,ASSET_C,"Defensive Equity",Low,60.4318,1005351,-0.017517676188804,60.54896,-0.193496,0.2,3.0,0.85
2025-02-17,ASSET_D,Diversifier,Medium,40.4141,1149737,-0.0145257962730859,40.512995,-0.244107,0.15,3.0,0.85
2025-02-18,ASSET_A,"Growth Equity",High,103.6701,1340336,0.00518737073993258,102.71021,0.934561,0.35,4.0,0.85
2025-02-18,ASSET_B,"Quality Equity",Medium,82.0958,900560,0.00796715405988446,81.404035,0.849792,0.3,4.0,0.85
2025-02-18,ASSET_C,"Defensive Equity",Low,61.0843,1060784,0.0107972954636466,60.59577,0.806211,0.2,4.0,0.85
2025-02-18,ASSET_D,Diversifier,Medium,40.977,1221008,0.0139283071997149,40.554365,1.042144,0.15,4.0,0.85
2025-02-19,ASSET_A,"Growth Equity",High,104.2057,1364093,0.00516638838006322,102.80369,1.363774,0.35,5.0,0.85
2025-02-19,ASSET_B,"Quality Equity",Medium,82.7452,940155,0.00791027068376216,81.47086,1.564167,0.3,5.0,0.85
2025-02-19,ASSET_C,"Defensive Equity",Low,60.0062,1116217,-0.0176493796278258,60.5562,-0.908247,0.2,5.0,0.85
2025-02-19,ASSET_D,Diversifier,Medium,40.3809,1292279,-0.014547185006223,40.53796,-0.387439,0.15,5.0,0.85
2025-02-20,ASSET_A,"Growth Equity",High,104.742,1387850,0.00514655148422793,102.8975,1.792561,0.35,2.0,0.85
2025-02-20,ASSET_B,"Quality Equity",Medium,81.0638,979750,-0.0203202119277009,81.4214,-0.439197,0.3,2.0,0.85
2025-02-20,ASSET_C,"Defensive Equity",Low,60.6589,1171650,0.0108772093550333,60.602915,0.09238,0.2,2.0,0.85
2025-02-20,ASSET_D,Diversifier,Medium,40.9442,1363550,0.0139496643214987,40.579325,0.899165,0.15,2.0,0.85
2025-02-21,ASSET_A,"Growth Equity",High,102.3272,811607,-0.0230547440377308,102.84406,-0.502567,0.35,3.0,0.85
2025-02-21,ASSET_B,"Quality Equity",Medium,81.7132,1019345,0.00801097407227402,81.48776,0.276655,0.3,3.0,0.85
2025-02-21,ASSET_C,"Defensive Equity",Low,61.3119,1227083,0.0107651144349798,60.649795,1.091685,0.2,3.0,0.85
2025-02-21,ASSET_D,Diversifier,Medium,40.3476,834821,-0.0145710503563387,40.562875,-0.530719,0.15,3.0,0.85
2025-02-22,ASSET_A,"Growth Equity",High,102.8627,835364,0.00523321267463595,102.93654,-0.071734,0.35,4.0,0.85
2025-02-22,ASSET_B,"Quality Equity",Medium,82.3632,1058940,0.0079546511457147,81.554405,0.991724,0.3,4.0,0.85
2025-02-22,ASSET_C,"Defensive Equity",Low,60.233,1282516,-0.0175969102246057,60.61023,-0.622387,0.2,4.0,0.85
2025-02-22,ASSET_D,Diversifier,Medium,40.9113,906092,0.0139710912173214,40.60424,0.756226,0.15,4.0,0.85
2025-02-23,ASSET_A,"Growth Equity",High,103.3989,859121,0.00521277392096442,103.02935,0.358684,0.35,5.0,0.85
2025-02-23,ASSET_B,"Quality Equity",Medium,83.0138,1098535,0.0078991588476407,81.62134,1.706,0.3,5.0,0.85
2025-02-23,ASSET_C,"Defensive Equity",Low,60.8862,1337949,0.0108445536499926,60.657015,0.377838,0.2,5.0,0.85
2025-02-23,ASSET_D,Diversifier,Medium,40.3142,977363,-0.0145949896483367,40.587745,-0.67396,0.15,5.0,0.85
2025-02-24,ASSET_A,"Growth Equity",High,103.9357,882878,0.00519154459089988,103.12249,0.788586,0.35,2.0,0.85
2025-02-24,ASSET_B,"Quality Equity",Medium,81.3294,1138130,-0.0202906022854031,81.571785,-0.297143,0.3,2.0,0.85
2025-02-24,ASSET_C,"Defensive Equity",Low,61.5397,1393382,0.0107331382152278,60.70396,1.376747,0.2,2.0,0.85
2025-02-24,ASSET_D,Diversifier,Medium,40.8783,1048634,0.0139925882195355,40.62911,0.613329,0.15,2.0,0.85
2025-02-25,ASSET_A,"Growth Equity",High,104.4731,906635,0.00517050445612055,103.21596,1.217971,0.35,3.0,0.85
2025-02-25,ASSET_B,"Quality Equity",Medium,81.98,1177725,0.00799956719218375,81.63826,0.418603,0.3,3.0,0.85
2025-02-25,ASSET_C,"Defensive Equity",Low,60.46,848815,-0.0175447719114653,60.664395,-0.336927,0.2,3.0,0.85
2025-02-25,ASSET_D,Diversifier,Medium,40.2808,1119905,-0.0146165569507539,40.612575,-0.816927,0.15,3.0,0.85
2025-02-26,ASSET_A,"Growth Equity",High,105.0112,930392,0.00515060814697765,103.309765,1.646926,0.35,4.0,0.85
2025-02-26,ASSET_B,"Quality Equity",Medium,82.6311,1217320,0.00794218101976085,81.705015,1.133449,0.3,4.0,0.85
2025-02-26,ASSET_C,"Defensive Equity",Low,61.1138,904248,0.0108137611644061,60.711245,0.663065,0.2,4.0,0.85
2025-02-26,ASSET_D,Diversifier,Medium,40.8452,1191176,0.01401163829914,40.653935,0.470471,0.15,4.0,0.85
2025-02-27,ASSET_A,"Growth Equity",High,102.5861,954149,-0.023093727145295,103.25571,-0.648497,0.35,5.0,0.85
2025-02-27,ASSET_B,"Quality Equity",Medium,80.9443,1256915,-0.0204136215057044,81.65513,-0.870527,0.3,5.0,0.85
2025-02-27,ASSET_C,"Defensive Equity",Low,60.0335,959681,-0.0176768585818587,60.671545,-1.051638,0.2,5.0,0.85
2025-02-27,ASSET_D,Diversifier,Medium,40.2472,1262447,-0.0146406432089939,40.637355,-0.96009,0.15,5.0,0.85
2025-02-28,ASSET_A,"Growth Equity",High,103.1235,977906,0.00523852646703604,103.34818,-0.217401,0.35,2.0,0.85
2025-02-28,ASSET_B,"Quality Equity",Medium,81.5955,1296510,0.00804503837824289,81.72143,-0.154097,0.3,2.0,0.85
2025-02-28,ASSET_C,"Defensive Equity",Low,60.6874,1015114,0.0108922518260637,60.7183,-0.050891,0.2,2.0,0.85
2025-02-28,ASSET_D,Diversifier,Medium,40.812,1333718,0.0140332743644278,40.678715,0.327653,0.15,2.0,0.85
2025-03-01,ASSET_A,"Growth Equity",High,103.6614,1001663,0.00521607587019446,103.44098,0.213088,0.35,3.0,0.9
2025-03-01,ASSET_B,"Quality Equity",Medium,82.2472,1336105,0.00798696006519983,81.78801,0.561439,0.3,3.0,0.9
2025-03-01,ASSET_C,"Defensive Equity",Low,61.3416,1070547,0.0107798323869535,60.76522,0.948536,0.2,3.0,0.9
2025-03-01,ASSET_D,Diversifier,Medium,41.3772,804989,0.013848867980006,40.720275,1.613263,0.15,3.0,0.9
2025-03-02,ASSET_A,"Growth Equity",High,104.2,1025420,0.00519576235705865,103.53411,0.64316,0.35,4.0,0.9
2025-03-02,ASSET_B,"Quality Equity",Medium,82.8994,1375700,0.00792975323172085,81.85487,1.276076,0.3,4.0,0.9
2025-03-02,ASSET_C,"Defensive Equity",Low,60.2605,1125980,-0.0176242549917185,60.72552,-0.765774,0.2,4.0,0.9
2025-03-02,ASSET_D,Diversifier,Medium,40.7787,876260,-0.0144644876888722,40.70383,0.183938,0.15,4.0,0.9
2025-03-03,ASSET_A,"Growth Equity",High,104.7392,1049177,0.00517466410748546,103.62757,1.072716,0.35,5.0,0.9
2025-03-03,ASSET_B,"Quality Equity",Medium,81.2096,815295,-0.0203837422225011,81.804885,-0.727689,0.3,5.0,0.9
2025-03-03,ASSET_C,"Defensive Equity",Low,60.915,1181413,0.0108611777200653,60.772345,0.234737,0.2,5.0,0.9
2025-03-03,ASSET_D,Diversifier,Medium,41.3442,947531,0.0138675337860206,40.745385,1.469651,0.15,5.0,0.9
2025-03-04,ASSET_A,"Growth Equity",High,105.2791,1072934,0.00515470807491369,103.721365,1.501846,0.35,2.0,0.9
2025-03-04,ASSET_B,"Quality Equity",Medium,81.862,854890,0.00803353298132237,81.87129,-0.011347,0.3,2.0,0.9
2025-03-04,ASSET_C,"Defensive Equity",Low,61.5698,1236846,0.0107494049084791,60.819335,1.233925,0.2,2.0,0.9
2025-03-04,ASSET_D,Diversifier,Medium,40.7454,1018802,-0.0144832890707767,40.7289,0.040512,0.15,2.0,0.9
2025-03-05,ASSET_A,"Growth Equity",High,105.8195,1096691,0.00513302260372672,103.815485,1.930362,0.35,3.0,0.9
2025-03-05,ASSET_B,"Quality Equity",Medium,82.5148,894485,0.00797439593462168,81.93798,0.703971,0.3,3.0,0.9
2025-03-05,ASSET_C,"Defensive Equity",Low,60.4879,1292279,-0.0175719264964317,60.77964,-0.479996,0.2,3.0,0.9
2025-03-05,ASSET_D,Diversifier,Medium,41.3113,1090073,0.0138886843668244,40.770455,1.326561,0.15,3.0,0.9
2025-03-06,ASSET_A,"Growth Equity",High,103.383,1120448,-0.0230250568184504,103.761055,-0.364352,0.35,4.0,0.9
2025-03-06,ASSET_B,"Quality Equity",Medium,83.1682,934080,0.00791857945483732,82.00495,1.418512,0.3,4.0,0.9
2025-03-06,ASSET_C,"Defensive Equity",Low,61.1429,1347712,0.0108286120033922,60.826535,0.52011,0.2,4.0,0.9
2025-03-06,ASSET_D,Diversifier,Medium,40.712,1161344,-0.0145069266762363,40.75393,-0.102886,0.15,4.0,0.9
2025-03-07,ASSET_A,"Growth Equity",High,103.9227,1144205,0.00522039406865749,103.853845,0.0663,0.35,5.0,0.9
2025-03-07,ASSET_B,"Quality Equity",Medium,81.4754,973675,-0.020353933354335,81.95487,-0.585041,0.3,5.0,0.9
2025-03-07,ASSET_C,"Defensive Equity",Low,61.7982,803145,0.0107175158522086,60.873595,1.518893,0.2,5.0,0.9
2025-03-07,ASSET_D,Diversifier,Medium,41.2782,1232615,0.0139074474356453,40.79548,1.183268,0.15,5.0,0.9
2025-03-08,ASSET_A,"Growth Equity",High,104.4631,1167962,0.00520001886017196,103.946965,0.496537,0.35,2.0,0.9
2025-03-08,ASSET_B,"Quality Equity",Medium,82.1289,1013270,0.00802082591800723,82.021385,0.131082,0.3,2.0,0.9
2025-03-08,ASSET_C,"Defensive Equity",Low,60.7155,858578,-0.0175199277648864,60.833905,-0.194637,0.2,2.0,0.9
2025-03-08,ASSET_D,Diversifier,Medium,40.6785,1303886,-0.0145282497783333,40.778915,-0.246242,0.15,2.0,0.9
2025-03-09,ASSET_A,"Growth Equity",High,105.0041,1191719,0.00517886220110264,104.040415,0.92626,0.35,3.0,0.9
2025-03-09,ASSET_B,"Quality Equity",Medium,82.7829,1052865,0.00796309216365976,82.088185,0.846303,0.3,3.0,0.9
2025-03-09,ASSET_C,"Defensive Equity",Low,61.371,914011,0.0107962546631422,60.880865,0.805072,0.2,3.0,0.9
2025-03-09,ASSET_D,Diversifier,Medium,41.245,1375157,0.0139262755509666,40.82046,1.040018,0.15,3.0,0.9
2025-03-10,ASSET_A,"Growth Equity",High,105.5457,1215476,0.00515789383462173,104.134195,1.355467,0.35,4.0,0.9
2025-03-10,ASSET_B,"Quality Equity",Medium,83.4374,1092460,0.00790622217873493,82.155265,1.560624,0.3,4.0,0.9
2025-03-10,ASSET_C,"Defensive Equity",Low,60.2878,969444,-0.0176500301445309,60.84104,-0.90932,0.2,4.0,0.9
2025-03-10,ASSET_D,Diversifier,Medium,40.6449,846428,-0.0145496423808946,40.803855,-0.389559,0.15,4.0,0.9
2025-03-11,ASSET_A,"Growth Equity",High,106.088,1239233,0.00513805867979467,104.22831,1.784247,0.35,5.0,0.9
2025-03-11,ASSET_B,"Quality Equity",Medium,81.7416,1132055,-0.0203242191151689,82.105085,-0.442707,0.3,5.0,0.9
2025-03-11,ASSET_C,"Defensive Equity",Low,60.9434,1024877,0.0108745052896275,60.8879,0.091151,0.2,5.0,0.9
2025-03-11,ASSET_D,Diversifier,Medium,41.2118,917699,0.0139476293458711,40.8454,0.897041,0.15,5.0,0.9
2025-03-12,ASSET_A,"Growth Equity",High,103.6412,1262990,-0.0230638715029032,104.17327,-0.510755,0.35,2.0,0.9
2025-03-12,ASSET_B,"Quality Equity",Medium,82.3962,1171650,0.00800816230658552,82.171705,0.273202,0.3,2.0,0.9
2025-03-12,ASSET_C,"Defensive Equity",Low,61.5994,1080310,0.0107640860207998,60.934925,1.090467,0.2,2.0,0.9
2025-03-12,ASSET_D,Diversifier,Medium,40.6112,988970,-0.0145734959404831,40.82875,-0.532835,0.15,2.0,0.9
2025-03-13,ASSET_A,"Growth Equity",High,104.1827,1286747,0.00522475617804496,104.266045,-0.079935,0.35,3.0,0.9
2025-03-13,ASSET_B,"Quality Equity",Medium,83.0513,1211245,0.00795060937276237,82.23861,0.98821,0.3,3.0,0.9
2025-03-13,ASSET_C,"Defensive Equity",Low,60.5154,1135743,-0.0175975740023442,60.8951,-0.623531,0.2,3.0,0.9
2025-03-13,ASSET_D,Diversifier,Medium,41.1785,1060241,0.0139690528721141,40.870295,0.754105,0.15,3.0,0.9
2025-03-14,ASSET_A,"Growth Equity",High,104.7249,1310504,0.00520431895122719,104.359155,0.350468,0.35,4.0,0.9
2025-03-14,ASSET_B,"Quality Equity",Medium,83.707,1250840,0.00789512024495709,82.3058,1.702432,0.3,4.0,0.9
2025-03-14,ASSET_C,"Defensive Equity",Low,61.1716,1191176,0.0108435208227988,60.94203,0.376702,0.2,4.0,0.9
2025-03-14,ASSET_D,Diversifier,Medium,40.5774,1131512,-0.0145974234127033,40.8536,-0.676073,0.15,4.0,0.9
2025-03-15,ASSET_A,"Growth Equity",High,105.2677,1334261,0.00518310354080076,104.452595,0.780359,0.35,5.0,0.9
2025-03-15,ASSET_B,"Quality Equity",Medium,82.0083,1290435,-0.0202934043747833,82.255525,-0.300557,0.3,5.0,0.9
2025-03-15,ASSET_C,"Defensive Equity",Low,61.8281,1246609,0.0107321044406228,60.989125,1.375614,0.2,5.0,0.9
2025-03-15,ASSET_D,Diversifier,Medium,41.1451,1202783,0.0139905464618237,40.895145,0.611209,0.15,5.0,0.9
2025-03-16,ASSET_A,"Growth Equity",High,105.8111,1358018,0.0051620772563663,104.546365,1.209736,0.35,2.0,0.9
2025-03-16,ASSET_B,"Quality Equity",Medium,82.664,1330030,0.00799553215954973,82.322255,0.415131,0.3,2.0,0.9
2025-03-16,ASSET_C,"Defensive Equity",Low,60.7433,1302042,-0.0175454202862453,60.949305,-0.337994,0.2,2.0,0.9
2025-03-16,ASSET_D,Diversifier,Medium,40.5436,1274054,-0.0146189947284124,40.87841,-0.819039,0.15,2.0,0.9
2025-03-17,ASSET_A,"Growth Equity",High,106.3551,1381775,0.00514123754502127,104.640465,1.638597,0.35,3.0,0.9
2025-03-17,ASSET_B,"Quality Equity",Medium,83.3202,1369625,0.00793815929546104,82.389265,1.129923,0.3,3.0,0.9
2025-03-17,ASSET_C,"Defensive Equity",Low,61.4001,1357475,0.0108127151471851,60.99631,0.661991,0.2,3.0,0.9
2025-03-17,ASSET_D,Diversifier,Medium,41.1116,1345325,0.0140096094081434,40.91995,0.468353,0.15,3.0,0.9
2025-03-18,ASSET_A,"Growth Equity",High,103.8982,805532,-0.023100913825477,104.584815,-0.656515,0.35,4.0,0.9
2025-03-18,ASSET_B,"Quality Equity",Medium,81.6191,809220,-0.0204164176274181,82.338665,-0.873909,0.3,4.0,0.9
2025-03-18,ASSET_C,"Defensive Equity",Low,60.3146,812908,-0.0176791243011005,60.95635,-1.052803,0.2,4.0,0.9
2025-03-18,ASSET_D,Diversifier,Medium,40.5096,816596,-0.0146430691094486,40.90317,-0.962199,0.15,4.0,0.9
2025-03-19,ASSET_A,"Growth Equity",High,104.4415,829289,0.00522915700175752,104.677585,-0.225535,0.35,5.0,0.9
2025-03-19,ASSET_B,"Quality Equity",Medium,82.2754,848815,0.00804101000868673,82.40522,-0.157539,0.3,5.0,0.9
2025-03-19,ASSET_C,"Defensive Equity",Low,60.9715,868341,0.0108912269997645,61.00325,-0.052046,0.2,5.0,0.9
2025-03-19,ASSET_D,Diversifier,Medium,41.078,887867,0.0140312419772104,40.94471,0.325537,0.15,5.0,0.9
2025-03-20,ASSET_A,"Growth Equity",High,104.9854,853046,0.00520770000430848,104.77068,0.204943,0.35,2.0,0.9
2025-03-20,ASSET_B,"Quality Equity",Medium,82.9322,888410,0.00798294508443576,82.472055,0.557941,0.3,2.0,0.9
2025-03-20,ASSET_C,"Defensive Equity",Low,61.6288,923774,0.0107804466021009,61.05032,0.947546,0.2,2.0,0.9
2025-03-20,ASSET_D,Diversifier,Medium,41.6467,959138,0.0138443935926773,40.986445,1.610911,0.15,2.0,0.9
2025-03-21,ASSET_A,"Growth Equity",High,105.53,876803,0.00518738796061169,104.86411,0.635003,0.35,3.0,0.9
2025-03-21,ASSET_B,"Quality Equity",Medium,83.5896,928005,0.00792695720118375,82.539175,1.272638,0.3,3.0,0.9
2025-03-21,ASSET_C,"Defensive Equity",Low,60.5426,979207,-0.0176248766810322,61.01037,-0.766706,0.2,3.0,0.9
2025-03-21,ASSET_D,Diversifier,Medium,41.0443,1030409,-0.0144645314034486,40.9698,0.181841,0.15,3.0,0.9
2025-03-22,ASSET_A,"Growth Equity",High,106.0752,900560,0.00516630342082824,104.95787,1.064551,0.35,4.0,0.9
2025-03-22,ASSET_B,"Quality Equity",Medium,81.8854,967600,-0.0203877037334788,82.488475,-0.731102,0.3,4.0,0.9
2025-03-22,ASSET_C,"Defensive Equity",Low,61.2,1034640,0.0108584699038363,61.057345,0.233641,0.2,4.0,0.9
2025-03-22,ASSET_D,Diversifier,Medium,41.6134,1101680,0.0138655062944184,41.011535,1.467551,0.15,4.0,0.9
2025-03-23,ASSET_A,"Growth Equity",High,106.621,924317,0.00514540627781046,105.05196,1.493585,0.35,5.0,0.9
2025-03-23,ASSET_B,"Quality Equity",Medium,82.5429,1007195,0.00802951441893174,82.55514,-0.014826,0.3,5.0,0.9
2025-03-23,ASSET_C,"Defensive Equity",Low,61.8578,1090073,0.0107483660130718,61.104485,1.232831,0.2,5.0,0.9
2025-03-23,ASSET_D,Diversifier,Medium,41.0106,1172951,-0.0144857185425848,40.994855,0.038407,0.15,5.0,0.9
2025-03-24,ASSET_A,"Growth Equity",High,107.1675,948074,0.00512563191116211,105.14638,1.922196,0.35,2.0,0.9
2025-03-24,ASSET_B,"Quality Equity",Medium,83.2009,1046790,0.00797161233734212,82.622085,0.700557,0.3,2.0,0.9
2025-03-24,ASSET_C,"Defensive Equity",Low,60.7708,1145506,-0.017572561584796,61.064535,-0.481024,0.2,2.0,0.9
2025-03-24,ASSET_D,Diversifier,Medium,41.5801,1244222,0.0138866536944109,41.03659,1.324452,0.15,2.0,0.9
2025-03-25,ASSET_A,"Growth Equity",High,104.699,971831,-0.0230340355051672,105.090355,-0.372399,0.35,3.0,0.9
2025-03-25,ASSET_B,"Quality Equity",Medium,83.8594,1086385,0.00791457784711458,82.689315,1.415038,0.3,3.0,0.9
2025-03-25,ASSET_C,"Defensive Equity",Low,61.4287,1200939,0.0108259229761662,61.111575,0.518928,0.2,3.0,0.9
2025-03-25,ASSET_D,Diversifier,Medium,40.9768,1315493,-0.0145093446143709,41.019865,-0.104986,0.15,3.0,0.9
2025-03-26,ASSET_A,"Growth Equity",High,105.2447,995588,0.00521208416508268,105.18344,0.058241,0.35,4.0,0.9
2025-03-26,ASSET_B,"Quality Equity",Medium,82.1522,1125980,-0.0203578847451806,82.638515,-0.588485,0.3,4.0,0.9
2025-03-26,ASSET_C,"Defensive Equity",Low,62.087,1256372,0.010716489198046,61.15878,1.517722,0.2,4.0,0.9
2025-03-26,ASSET_D,Diversifier,Medium,41.5466,1386764,0.0139054294137171,41.061595,1.181165,0.15,4.0,0.9
2025-03-27,ASSET_A,"Growth Equity",High,105.7911,1019345,0.00519171036641275,105.27686,0.488464,0.35,5.0,0.9
2025-03-27,ASSET_B,"Quality Equity",Medium,82.8108,1165575,0.00801682730346842,82.705285,0.12758,0.3,5.0,0.9
2025-03-27,ASSET_C,"Defensive Equity",Low,60.9993,1311805,-0.0175189653228535,61.118835,-0.195578,0.2,5.0,0.9
2025-03-27,ASSET_D,Diversifier,Medium,40.9429,858035,-0.0145306715832342,41.04483,-0.248338,0.15,5.0,0.9
2025-03-28,ASSET_A,"Growth Equity",High,106.3381,1043102,0.00517056727834375,105.37061,0.918178,0.35,2.0,0.9
2025-03-28,ASSET_B,"Quality Equity",Medium,83.4699,1205170,0.00795910678317324,82.772335,0.842751,0.3,2.0,0.9
2025-03-28,ASSET_C,"Defensive Equity",Low,61.6577,1367238,0.0107935664835499,61.165945,0.803969,0.2,2.0,0.9
2025-03-28,ASSET_D,Diversifier,Medium,41.513,929306,0.0139242701420759,41.086555,1.037919,0.15,2.0,0.9
2025-03-29,ASSET_A,"Growth Equity",High,106.8857,1066859,0.00514961241549372,105.46469,1.34738,0.35,3.0,0.9
2025-03-29,ASSET_B,"Quality Equity",Medium,84.1296,1244765,0.00790344782969665,82.83967,1.55714,0.3,3.0,0.9
2025-03-29,ASSET_C,"Defensive Equity",Low,60.5693,822671,-0.0176522964690542,61.12586,-0.910515,0.2,3.0,0.9
2025-03-29,ASSET_D,Diversifier,Medium,40.9089,1000577,-0.014552068026883,41.06975,-0.391651,0.15,3.0,0.9
2025-03-30,ASSET_A,"Growth Equity",High,107.4339,1090616,0.0051288432409573,105.5591,1.776067,0.35,4.0,0.9
2025-03-30,ASSET_B,"Quality Equity",Medium,82.4195,1284360,-0.0203269717198227,82.788775,-0.446045,0.3,4.0,0.9
2025-03-30,ASSET_C,"Defensive Equity",Low,61.228,878104,0.0108751463200005,61.17287,0.090122,0.2,4.0,0.9
2025-03-30,ASSET_D,Diversifier,Medium,41.4794,1071848,0.0139456206351185,41.111475,0.894945,0.15,4.0,0.9
2025-03-31,ASSET_A,"Growth Equity",High,104.9552,1114373,-0.0230718609303021,105.50246,-0.518718,0.35,5.0,0.9
2025-03-31,ASSET_B,"Quality Equity",Medium,83.0792,1323955,0.00800417376955687,82.855655,0.269801,0.3,5.0,0.9
2025-03-31,ASSET_C,"Defensive Equity",Low,61.887,933537,0.0107630495851572,61.22005,1.089431,0.2,5.0,0.9
2025-03-31,ASSET_D,Diversifier,Medium,40.8748,1143119,-0.0145759099697681,41.094625,-0.534924,0.15,5.0,0.9
2025-04-01,ASSET_A,"Growth Equity",High,105.5028,1138130,0.00521746421330227,105.59554,-0.087826,0.35,3.0,0.95
2025-04-01,ASSET_B,"Quality Equity",Medium,83.7394,1363550,0.00794663405521479,82.922815,0.984753,0.3,3.0,0.95
2025-04-01,ASSET_C,"Defensive Equity",Low,60.7978,988970,-0.0175998190249972,61.17997,-0.624665,0.2,3.0,0.95
2025-04-01,ASSET_D,Diversifier,Medium,41.4457,1214390,0.0139670408173251,41.13635,0.752011,0.15,3.0,0.95
2025-04-02,ASSET_A,"Growth Equity",High,106.0509,1161887,0.00519512278347123,105.68895,0.342467,0.35,4.0,0.95
2025-04-02,ASSET_B,"Quality Equity",Medium,84.4002,803145,0.00789114801395763,82.99026,1.698922,0.3,4.0,0.95
2025-04-02,ASSET_C,"Defensive Equity",Low,61.457,1044403,0.0108424975903734,61.22705,0.375569,0.2,4.0,0.95
2025-04-02,ASSET_D,Diversifier,Medium,40.8406,1285661,-0.0145998257961623,41.119455,-0.678158,0.15,4.0,0.95
2025-04-03,ASSET_A,"Growth Equity",High,106.5997,1185644,0.00517487357485891,105.78269,0.772348,0.35,5.0,0.95
2025-04-03,ASSET_B,"Quality Equity",Medium,82.6872,842740,-0.0202961604356388,82.93927,-0.303921,0.3,5.0,0.95
2025-04-03,ASSET_C,"Defensive Equity",Low,62.1166,1099836,0.0107327074214492,61.2743,1.374638,0.2,5.0,0.95
2025-04-03,ASSET_D,Diversifier,Medium,41.4119,1356932,0.013988531020602,41.16118,0.609118,0.15,5.0,0.95
2025-04-04,ASSET_A,"Growth Equity",High,107.1491,1209401,0.00515386065814449,105.87676,1.201718,0.35,2.0,0.95
2025-04-04,ASSET_B,"Quality Equity",Medium,83.348,882335,0.00799156338586871,83.006255,0.41171,0.3,2.0,0.95
2025-04-04,ASSET_C,"Defensive Equity",Low,61.0266,1155269,-0.0175476442690037,61.234225,-0.339067,0.2,2.0,0.95
2025-04-04,ASSET_D,Diversifier,Medium,40.8064,828203,-0.0146214010948545,41.144245,-0.821123,0.15,2.0,0.95
2025-04-05,ASSET_A,"Growth Equity",High,107.6991,1233158,0.00513303424853784,105.97116,1.630576,0.35,3.0,0.95
2025-04-05,ASSET_B,"Quality Equity",Medium,84.0094,921930,0.00793540336900711,83.073525,1.126562,0.3,3.0,0.95
2025-04-05,ASSET_C,"Defensive Equity",Low,61.6863,1210702,0.0108100402119731,61.281375,0.660764,0.2,3.0,0.95
2025-04-05,ASSET_D,Diversifier,Medium,41.378,899474,0.0140076066499373,41.185965,0.466263,0.15,3.0,0.95
2025-04-06,ASSET_A,"Growth Equity",High,105.2102,1256915,-0.023109756720344,105.913915,-0.664422,0.35,4.0,0.95
2025-04-06,ASSET_B,"Quality Equity",Medium,82.2938,961525,-0.0204215242579996,83.022205,-0.877362,0.3,4.0,0.95
2025-04-06,ASSET_C,"Defensive Equity",Low,60.5958,1266135,-0.0176781554413218,61.24116,-1.053801,0.2,4.0,0.95
2025-04-06,ASSET_D,Diversifier,Medium,40.772,970745,-0.0146454637730196,41.168985,-0.964282,0.15,4.0,0.95
2025-04-07,ASSET_A,"Growth Equity",High,105.7595,1280672,0.00522097667336441,106.00698,-0.233456,0.35,5.0,0.95
2025-04-07,ASSET_B,"Quality Equity",Medium,82.9553,1001120,0.00803827262807144,83.089015,-0.16093,0.3,5.0,0.95
2025-04-07,ASSET_C,"Defensive Equity",Low,61.2557,1321568,0.0108901937097952,61.288215,-0.053053,0.2,5.0,0.95
2025-04-07,ASSET_D,Diversifier,Medium,41.344,1042016,0.0140292357500247,41.210705,0.323448,0.15,5.0,0.95
2025-04-08,ASSET_A,"Growth Equity",High,106.3094,1304429,0.00519953290248143,106.100375,0.197007,0.35,2.0,0.95
2025-04-08,ASSET_B,"Quality Equity",Medium,83.6172,1040715,0.00797899591707818,83.156105,0.554493,0.3,2.0,0.95
2025-04-08,ASSET_C,"Defensive Equity",Low,61.9159,1377001,0.0107777725174965,61.335435,0.946378,0.2,2.0,0.95
2025-04-08,ASSET_D,Diversifier,Medium,41.9163,1113287,0.0138423955108358,41.25262,1.608819,0.15,2.0,0.95
2025-04-09,ASSET_A,"Growth Equity",High,106.86,1328186,0.00517922215721289,106.194105,0.627055,0.35,3.0,0.95
2025-04-09,ASSET_B,"Quality Equity",Medium,84.2798,1080310,0.00792420698133878,83.223485,1.269251,0.3,3.0,0.95
2025-04-09,ASSET_C,"Defensive Equity",Low,60.8246,832434,-0.0176255210697092,61.295225,-0.7678,0.2,3.0,0.95
2025-04-09,ASSET_D,Diversifier,Medium,41.3099,1184558,-0.0144669257544201,41.23578,0.179747,0.15,3.0,0.95
2025-04-10,ASSET_A,"Growth Equity",High,107.4112,1351943,0.00515815085158144,106.288165,1.056595,0.35,4.0,0.95
2025-04-10,ASSET_B,"Quality Equity",Medium,82.5612,1119905,-0.020391600359754,83.172065,-0.734459,0.3,4.0,0.95
2025-04-10,ASSET_C,"Defensive Equity",Low,61.485,887867,0.0108574491242031,61.342345,0.232556,0.2,4.0,0.95
2025-04-10,ASSET_D,Diversifier,Medium,41.8826,1255829,0.0138635048741342,41.277695,1.465452,0.15,4.0,0.95
2025-04-11,ASSET_A,"Growth Equity",High,107.963,1375700,0.00513726687719718,106.382555,1.485624,0.35,5.0,0.95
2025-04-11,ASSET_B,"Quality Equity",Medium,83.2238,1159500,0.00802556164396839,83.238985,-0.018243,0.3,5.0,0.95
2025-04-11,ASSET_C,"Defensive Equity",Low,62.1457,943300,0.0107457103358541,61.38963,1.231592,0.2,5.0,0.95
2025-04-11,ASSET_D,Diversifier,Medium,41.2758,1327100,-0.0144881167835808,41.260815,0.036318,0.15,5.0,0.95
2025-04-12,ASSET_A,"Growth Equity",High,108.5154,1399457,0.00511656771301294,106.477275,1.914141,0.35,2.0,0.95
2025-04-12,ASSET_B,"Quality Equity",Medium,83.8869,1199095,0.00796767270900878,83.306185,0.697085,0.3,2.0,0.95
2025-04-12,ASSET_C,"Defensive Equity",Low,61.0536,998733,-0.0175732190642313,61.34942,-0.482189,0.2,2.0,0.95
2025-04-12,ASSET_D,Diversifier,Medium,41.8488,1398371,0.0138822263893128,41.302725,1.322128,0.15,2.0,0.95
2025-04-13,ASSET_A,"Growth Equity",High,106.015,823214,-0.0230418908283986,106.41965,-0.38024,0.35,3.0,0.95
2025-04-13,ASSET_B,"Quality Equity",Medium,84.5506,1238690,0.00791184320793836,83.37367,1.411633,0.3,3.0,0.95
2025-04-13,ASSET_C,"Defensive Equity",Low,61.7146,1054166,0.01082655240641,61.39661,0.517928,0.2,3.0,0.95
2025-04-13,ASSET_D,Diversifier,Medium,41.2416,869642,-0.0145093766129495,41.2858,-0.107059,0.15,3.0,0.95
2025-04-14,ASSET_A,"Growth Equity",High,106.5667,846971,0.00520398056878735,106.513035,0.050384,0.35,4.0,0.95
2025-04-14,ASSET_B,"Quality Equity",Medium,82.8291,1278285,-0.0203605888071758,83.322155,-0.591745,0.3,4.0,0.95
2025-04-14,ASSET_C,"Defensive Equity",Low,62.3759,1109599,0.0107154546898141,61.44397,1.516715,0.2,4.0,0.95
2025-04-14,ASSET_D,Diversifier,Medium,41.815,940913,0.0139034373060212,41.32771,1.179088,0.15,4.0,0.95
2025-04-15,ASSET_A,"Growth Equity",High,107.1191,870728,0.0051836080126344,106.606755,0.480593,0.35,5.0,0.95
2025-04-15,ASSET_B,"Quality Equity",Medium,83.4928,1317880,0.0080128843606897,83.389185,0.124255,0.3,5.0,0.95
2025-04-15,ASSET_C,"Defensive Equity",Low,61.283,1165032,-0.017521190075013,61.40377,-0.196682,0.2,5.0,0.95
2025-04-15,ASSET_D,Diversifier,Medium,41.2073,1012184,-0.0145330622982184,41.310745,-0.250407,0.15,5.0,0.95
2025-04-16,ASSET_A,"Growth Equity",High,107.672,894485,0.00516154448646411,106.7008,0.910209,0.35,2.0,0.95
2025-04-16,ASSET_B,"Quality Equity",Medium,84.157,1357475,0.00795517697334369,83.456495,0.839365,0.3,2.0,0.95
2025-04-16,ASSET_C,"Defensive Equity",Low,61.9445,1220465,0.0107941843578154,61.45103,0.80303,0.2,2.0,0.95
2025-04-16,ASSET_D,Diversifier,Medium,41.781,1083455,0.013922290467951,41.35265,1.035847,0.15,2.0,0.95
2025-04-17,ASSET_A,"Growth Equity",High,108.2257,918242,0.00514246972286214,106.79518,1.339499,0.35,3.0,0.95
2025-04-17,ASSET_B,"Quality Equity",Medium,84.8218,1397070,0.00789952113312031,83.52409,1.553695,0.3,3.0,0.95
2025-04-17,ASSET_C,"Defensive Equity",Low,60.8509,1275898,-0.0176545133143378,61.41069,-0.911551,0.2,3.0,0.95
2025-04-17,ASSET_D,Diversifier,Medium,41.1729,1154726,-0.0145544625547498,41.335645,-0.393716,0.15,3.0,0.95
2025-04-18,ASSET_A,"Growth Equity",High,108.7799,941999,0.00512077999957494,106.88989,1.768184,0.35,4.0,0.95
2025-04-18,ASSET_B,"Quality Equity",Medium,83.0973,836665,-0.0203308583406623,83.472475,-0.44946,0.3,4.0,0.95
2025-04-18,ASSET_C,"Defensive Equity",Low,61.5126,1331331,0.0108741201855682,61.457855,0.089077,0.2,4.0,0.95
2025-04-18,ASSET_D,Diversifier,Medium,41.747,1225997,0.0139436376840105,41.37755,0.892875,0.15,4.0,0.95
2025-04-19,ASSET_A,"Growth Equity",High,106.2693,965756,-0.0230796314392641,106.83166,-0.526398,0.35,5.0,0.95
2025-04-19,ASSET_B,"Quality Equity",Medium,83.7622,876260,0.0080014633447778,83.53961,0.266448,0.3,5.0,0.95
2025-04-19,ASSET_C,"Defensive Equity",Low,62.1746,1386764,0.0107620227400564,61.505185,1.088388,0.2,5.0,0.95
2025-04-19,ASSET_D,Diversifier,Medium,41.1384,1297268,-0.0145782930509978,41.3605,-0.536986,0.15,5.0,0.95
2025-04-20,ASSET_A,"Growth Equity",High,106.8228,989513,0.00520846566223732,106.92504,-0.095618,0.35,2.0,0.95
2025-04-20,ASSET_B,"Quality Equity",Medium,84.4275,915855,0.00794272356743231,83.607025,0.981347,0.3,2.0,0.95
2025-04-20,ASSET_C,"Defensive Equity",Low,61.0803,842197,-0.0176004349042856,61.46485,-0.625642,0.2,2.0,0.95
2025-04-20,ASSET_D,Diversifier,Medium,41.7129,1368539,0.013965054547576,41.402405,0.749944,0.15,2.0,0.95
2025-04-21,ASSET_A,"Growth Equity",High,107.3769,1013270,0.00518709488985492,107.018745,0.334666,0.35,3.0,0.95
2025-04-21,ASSET_B,"Quality Equity",Medium,85.0935,955450,0.00788842498001263,83.67473,1.695578,0.3,3.0,0.95
2025-04-21,ASSET_C,"Defensive Equity",Low,61.7425,897630,0.0108414660700749,61.512085,0.374585,0.2,3.0,0.95
2025-04-21,ASSET_D,Diversifier,Medium,41.1038,839810,-0.0146021974017629,41.38531,-0.680217,0.15,3.0,0.95
2025-04-22,ASSET_A,"Growth Equity",High,107.9317,1037027,0.00516684687302393,107.112785,0.764535,0.35,4.0,0.95
2025-04-22,ASSET_B,"Quality Equity",Medium,83.366,995045,-0.0203011980938615,83.62302,-0.307356,0.3,4.0,0.95
2025-04-22,ASSET_C,"Defensive Equity",Low,62.405,953063,0.01073004818399,61.559485,1.373493,0.2,4.0,0.95
2025-04-22,ASSET_D,Diversifier,Medium,41.6787,911081,0.0139865413903337,41.427215,0.607053,0.15,4.0,0.95
2025-04-23,ASSET_A,"Growth Equity",High,108.487,1060784,0.00514492035240788,107.20715,1.19381,0.35,5.0,0.95
2025-04-23,ASSET_B,"Quality Equity",Medium,84.032,1034640,0.00798886836360135,83.69026,0.408339,0.3,5.0,0.95
2025-04-23,ASSET_C,"Defensive Equity",Low,61.3099,1008496,-0.0175482733755309,61.51915,-0.340138,0.2,5.0,0.95
2025-04-23,ASSET_D,Diversifier,Medium,41.0692,982352,-0.0146237766533025,41.41008,-0.823181,0.15,5.0,0.95
2025-04-24,ASSET_A,"Growth Equity",High,109.0431,1084541,0.00512595979241759,107.30185,1.622759,0.35,2.0,0.95
2025-04-24,ASSET_B,"Quality Equity",Medium,84.6985,1074235,0.00793150228484385,83.757785,1.123137,0.3,2.0,0.95
2025-04-24,ASSET_C,"Defensive Equity",Low,61.9726,1063929,0.0108090210553271,61.56645,0.659694,0.2,2.0,0.95
2025-04-24,ASSET_D,Diversifier,Medium,41.6444,1053623,0.0140056295228539,41.45198,0.4642,0.15,2.0,0.95
2025-04-25,ASSET_A,"Growth Equity",High,106.5223,1108298,-0.0231174645621777,107.24301,-0.672034,0.35,3.0,0.95
2025-04-25,ASSET_B,"Quality Equity",Medium,82.9686,1113830,-0.0204242105822418,83.705745,-0.880638,0.3,3.0,0.95
2025-04-25,ASSET_C,"Defensive Equity",Low,60.8769,1119362,-0.0176803942387442,61.52598,-1.054969,0.2,3.0,0.95
2025-04-25,ASSET_D,Diversifier,Medium,41.0345,1124894,-0.01464542651593,41.434805,-0.966108,0.15,3.0,0.95
2025-04-26,ASSET_A,"Growth Equity",High,107.0776,1132055,0.00521299296015965,107.33638,-0.241093,0.35,4.0,0.95
2025-04-26,ASSET_B,"Quality Equity",Medium,83.6352,1153425,0.0080343648078911,83.772815,-0.164272,0.3,4.0,0.95
2025-04-26,ASSET_C,"Defensive Equity",Low,61.5398,1174795,0.0108891878528636,61.57318,-0.054212,0.2,4.0,0.95
2025-04-26,ASSET_D,Diversifier,Medium,41.61,1196165,0.0140247840232,41.476705,0.321373,0.15,4.0,0.95
2025-04-27,ASSET_A,"Growth Equity",High,107.6335,1155812,0.00519156200736659,107.43008,0.189351,0.35,5.0,0.95
2025-04-27,ASSET_B,"Quality Equity",Medium,84.3023,1193020,0.00797630662687476,83.840165,0.55121,0.3,5.0,0.95
2025-04-27,ASSET_C,"Defensive Equity",Low,62.203,1230228,0.0107767656053481,61.620545,0.945229,0.2,5.0,0.95
2025-04-27,ASSET_D,Diversifier,Medium,42.1859,1267436,0.0138404229752462,41.5188,1.606742,0.15,5.0,0.95
2025-04-28,ASSET_A,"Growth Equity",High,108.19,1179569,0.00517032336586665,107.52411,0.619294,0.35,2.0,0.95
2025-04-28,ASSET_B,"Quality Equity",Medium,84.9699,1232615,0.00791911964442238,83.9078,1.265794,0.3,2.0,0.95
2025-04-28,ASSET_C,"Defensive Equity",Low,61.1066,1285661,-0.0176261595099915,61.58008,-0.768885,0.2,2.0,0.95
2025-04-28,ASSET_D,Diversifier,Medium,41.5755,1338707,-0.0144692895019426,41.50176,0.177679,0.15,2.0,0.95
2025-04-29,ASSET_A,"Growth Equity",High,108.7472,1203326,0.0051501987244662,107.61847,1.048826,0.35,3.0,0.95
2025-04-29,ASSET_B,"Quality Equity",Medium,83.237,1272210,-0.0203942807982591,83.85566,-0.737768,0.3,3.0,0.95
2025-04-29,ASSET_C,"Defensive Equity",Low,61.77,1341094,0.0108564377661333,61.62735,0.231472,0.2,3.0,0.95
2025-04-29,ASSET_D,Diversifier,Medium,42.1518,809978,0.013861529025508,41.543855,1.463381,0.15,3.0,0.95
2025-04-30,ASSET_A,"Growth Equity",High,109.305,1227083,0.00512932746774175,107.71316,1.477851,0.35,4.0,0.95
2025-04-30,ASSET_B,"Quality Equity",Medium,83.9047,1311805,0.00802167305405055,83.922835,-0.021609,0.3,4.0,0.95
2025-04-30,ASSET_C,"Defensive Equity",Low,62.4337,1396527,0.0107446980734984,61.674785,1.230511,0.2,4.0,0.95
2025-04-30,ASSET_D,Diversifier,Medium,41.541,881249,-0.0144904843921257,41.526775,0.034255,0.15,4.0,0.95
2025-05-01,ASSET_A,"Growth Equity",High,109.8634,1250840,0.00510864095878505,107.80818,1.906367,0.35,3.0,1.0
2025-05-01,ASSET_B,"Quality Equity",Medium,84.573,1351400,0.00796498885044561,83.990295,0.693777,0.3,3.0,1.0
2025-05-01,ASSET_C,"Defensive Equity",Low,61.3365,851960,-0.0175738423319457,61.634325,-0.483213,0.2,3.0,1.0
2025-05-01,ASSET_D,Diversifier,Medium,42.1176,952520,0.0138802628728245,41.568865,1.320063,0.15,3.0,1.0
2025-05-02,ASSET_A,"Growth Equity",High,107.3311,1274597,-0.0230495324193498,107.748965,-0.387813,0.35,4.0,1.0
2025-05-02,ASSET_B,"Quality Equity",Medium,85.2417,1390995,0.00790677875917845,84.058035,1.408152,0.3,4.0,1.0
2025-05-02,ASSET_C,"Defensive Equity",Low,62.0004,907393,0.0108238976791959,61.681665,0.516742,0.2,4.0,1.0
2025-05-02,ASSET_D,Diversifier,Medium,41.5064,1023791,-0.0145117480578192,41.551745,-0.109129,0.15,4.0,1.0
2025-05-03,ASSET_A,"Growth Equity",High,107.8888,1298354,0.00519607084992146,107.842655,0.042789,0.35,5.0,1.0
2025-05-03,ASSET_B,"Quality Equity",Medium,83.5059,830590,-0.0203632729051626,84.0058,-0.595078,0.3,5.0,1.0
2025-05-03,ASSET_C,"Defensive Equity",Low,62.6647,962826,0.0107144470035678,61.72917,1.51554,0.2,5.0,1.0
2025-05-03,ASSET_D,Diversifier,Medium,42.0834,1095062,0.0139014706165796,41.593835,1.177013,0.15,5.0,1.0
2025-05-04,ASSET_A,"Growth Equity",High,108.4471,1322111,0.00517477254358201,107.936675,0.472893,0.35,2.0,1.0
2025-05-04,ASSET_B,"Quality Equity",Medium,84.1747,870185,0.00800901493187922,84.07308,0.120871,0.3,2.0,1.0
2025-05-04,ASSET_C,"Defensive Equity",Low,61.5667,1018259,-0.0175218264828525,61.68871,-0.197783,0.2,2.0,1.0
2025-05-04,ASSET_D,Diversifier,Medium,41.4717,1166333,-0.0145354225181425,41.57667,-0.252473,0.15,2.0,1.0
2025-05-05,ASSET_A,"Growth Equity",High,109.006,1345868,0.00515366478218415,108.03102,0.9025,0.35,3.0,1.0
2025-05-05,ASSET_B,"Quality Equity",Medium,84.8441,909780,0.00795250829524785,84.140645,0.836047,0.3,3.0,1.0
2025-05-05,ASSET_C,"Defensive Equity",Low,62.2312,1073692,0.0107931722830688,61.73612,0.801929,0.2,3.0,1.0
2025-05-05,ASSET_D,Diversifier,Medium,42.049,1237604,0.0139203360363815,41.618755,1.033777,0.15,3.0,1.0
2025-05-06,ASSET_A,"Growth Equity",High,109.5656,1369625,0.00513366236720914,108.1257,1.331691,0.35,4.0,1.0
2025-05-06,ASSET_B,"Quality Equity",Medium,85.514,949375,0.00789565803632786,84.208495,1.550325,0.3,4.0,1.0
2025-05-06,ASSET_C,"Defensive Equity",Low,61.1325,1129125,-0.0176551311882143,61.69552,-0.912578,0.2,4.0,1.0
2025-05-06,ASSET_D,Diversifier,Medium,41.4369,1308875,-0.0145568265594901,41.60155,-0.395779,0.15,4.0,1.0
2025-05-07,ASSET_A,"Growth Equity",High,110.1258,1393382,0.00511291865329988,108.220705,1.760379,0.35,5.0,1.0
2025-05-07,ASSET_B,"Quality Equity",Medium,83.7752,988970,-0.020333512641205,84.156165,-0.452688,0.3,5.0,1.0
2025-05-07,ASSET_C,"Defensive Equity",Low,61.7972,1184558,0.0108731035046823,61.742835,0.088051,0.2,5.0,1.0
2025-05-07,ASSET_D,Diversifier,Medium,42.0146,1380146,0.013941680000193,41.643635,0.890808,0.15,5.0,1.0
2025-05-08,ASSET_A,"Growth Equity",High,107.5833,817139,-0.0230872329644825,108.160875,-0.533996,0.35,2.0,1.0
2025-05-08,ASSET_B,"Quality Equity",Medium,84.4451,1028565,0.0079963998892274,84.223555,0.263044,0.3,2.0,1.0
2025-05-08,ASSET_C,"Defensive Equity",Low,62.4621,1239991,0.0107593871566998,61.79031,1.087209,0.2,2.0,1.0
2025-05-08,ASSET_D,Diversifier,Medium,41.402,851417,-0.0145806457755161,41.626385,-0.539045,0.15,2.0,1.0
2025-05-09,ASSET_A,"Growth Equity",High,108.1428,840896,0.00520062128601739,108.25455,-0.103229,0.35,3.0,1.0
2025-05-09,ASSET_B,"Quality Equity",Medium,85.1156,1068160,0.00794006993893071,84.291225,0.978008,0.3,3.0,1.0
2025-05-09,ASSET_C,"Defensive Equity",Low,61.3627,1295424,-0.0176010732908436,61.749715,-0.626748,0.2,3.0,1.0
2025-05-09,ASSET_D,Diversifier,Medium,41.9801,922688,0.013963093570359,41.66847,0.74788,0.15,3.0,1.0
2025-05-10,ASSET_A,"Growth Equity",High,108.7029,864653,0.00517926297451154,108.348555,0.327042,0.35,4.0,1.0
2025-05-10,ASSET_B,"Quality Equity",Medium,85.7867,1107755,0.00788457110094964,84.359185,1.692187,0.3,4.0,1.0
2025-05-10,ASSET_C,"Defensive Equity",Low,62.0279,1350857,0.0108404617137121,61.797095,0.373488,0.2,4.0,1.0
2025-05-10,ASSET_D,Diversifier,Medium,41.367,993959,-0.0146045388172016,41.651175,-0.682274,0.15,4.0,1.0
2025-05-11,ASSET_A,"Growth Equity",High,109.2636,888410,0.00515809605815476,108.44289,0.756813,0.35,5.0,1.0
2025-05-11,ASSET_B,"Quality Equity",Medium,84.0449,1147350,-0.0203038466335691,84.306755,-0.310598,0.3,5.0,1.0
2025-05-11,ASSET_C,"Defensive Equity",Low,62.6934,806290,0.0107290428984375,61.84464,1.372407,0.2,5.0,1.0
2025-05-11,ASSET_D,Diversifier,Medium,41.9455,1065230,0.0139845770783475,41.69326,0.60499,0.15,5.0,1.0
2025-05-12,ASSET_A,"Growth Equity",High,109.825,912167,0.00513803316017425,108.537555,1.186175,0.35,2.0,1.0
2025-05-12,ASSET_B,"Quality Equity",Medium,84.716,1186945,0.00798501753229508,84.374255,0.405035,0.3,2.0,1.0
2025-05-12,ASSET_C,"Defensive Equity",Low,61.5932,861723,-0.0175488966940698,61.80405,-0.341159,0.2,2.0,1.0
2025-05-12,ASSET_D,Diversifier,Medium,41.332,1136501,-0.014626121991632,41.675925,-0.825237,0.15,2.0,1.0
2025-05-13,ASSET_A,"Growth Equity",High,110.387,935924,0.00511723195993619,108.632555,1.615027,0.35,3.0,1.0
2025-05-13,ASSET_B,"Quality Equity",Medium,85.3876,1226540,0.0079276641956656,84.442035,1.11978,0.3,3.0,1.0
2025-05-13,ASSET_C,"Defensive Equity",Low,62.2589,917156,0.0108080112739717,61.8515,0.658674,0.2,3.0,1.0
2025-05-13,ASSET_D,Diversifier,Medium,41.9108,1207772,0.014003677537985,41.718005,0.462139,0.15,3.0,1.0
2025-05-14,ASSET_A,"Growth Equity",High,107.8343,959681,-0.0231250056618986,108.572115,-0.679562,0.35,4.0,1.0
2025-05-14,ASSET_B,"Quality Equity",Medium,83.6434,1266135,-0.020426853547822,84.38928,-0.883856,0.3,4.0,1.0
2025-05-14,ASSET_C,"Defensive Equity",Low,61.1581,972589,-0.0176810062497089,61.810775,-1.055924,0.2,4.0,1.0
2025-05-14,ASSET_D,Diversifier,Medium,41.2969,1279043,-0.0146477757523121,41.70063,-0.968163,0.15,4.0,1.0
2025-05-15,ASSET_A,"Growth Equity",High,108.3956,983438,0.00520520836134697,108.66578,-0.248634,0.35,5.0,1.0
2025-05-15,ASSET_B,"Quality Equity",Medium,84.3151,1305730,0.00803052004103133,84.456605,-0.167548,0.3,5.0,1.0
2025-05-15,ASSET_C,"Defensive Equity",Low,61.824,1028022,0.0108881734390047,61.85813,-0.055175,0.2,5.0,1.0
2025-05-15,ASSET_D,Diversifier,Medium,41.876,1350314,0.0140228443297197,41.742705,0.319325,0.15,5.0,1.0
2025-05-16,ASSET_A,"Growth Equity",High,108.9575,1007195,0.00518378974792322,108.759775,0.1818,0.35,2.0,1.0
2025-05-16,ASSET_B,"Quality Equity",Medium,84.9873,1345325,0.00797247468128481,84.52421,0.547879,0.3,2.0,1.0
2025-05-16,ASSET_C,"Defensive Equity",Low,62.4902,1083455,0.0107757505175985,61.90565,0.94426,0.2,2.0,1.0
2025-05-16,ASSET_D,Diversifier,Medium,42.4555,821585,0.0138384754990926,41.78498,1.604691,0.15,2.0,1.0
2025-05-17,ASSET_A,"Growth Equity",High,109.52,1030952,0.00516256338480603,108.8541,0.611736,0.35,3.0,1.0
2025-05-17,ASSET_B,"Quality Equity",Medium,85.6601,1384920,0.0079164769324358,84.5921,1.262529,0.3,3.0,1.0
2025-05-17,ASSET_C,"Defensive Equity",Low,61.3886,1138888,-0.0176283641274952,61.86493,-0.769952,0.2,3.0,1.0
2025-05-17,ASSET_D,Diversifier,Medium,41.8411,892856,-0.0144716232290282,41.76774,0.175638,0.15,3.0,1.0
2025-05-18,ASSET_A,"Growth Equity",High,110.0832,1054709,0.00514243973703432,108.94876,1.04126,0.35,4.0,1.0
2025-05-18,ASSET_B,"Quality Equity",Medium,83.9128,824515,-0.0203980616413009,84.539245,-0.741011,0.3,4.0,1.0
2025-05-18,ASSET_C,"Defensive Equity",Low,62.055,1194321,0.0108554356997879,61.91235,0.230406,0.2,4.0,1.0
2025-05-18,ASSET_D,Diversifier,Medium,42.421,964127,0.0138595782615658,41.810015,1.461336,0.15,4.0,1.0
2025-05-19,ASSET_A,"Growth Equity",High,110.6469,1078466,0.00512067236417546,109.043745,1.470194,0.35,5.0,1.0
2025-05-19,ASSET_B,"Quality Equity",Medium,84.5856,864110,0.00801784709841646,84.606675,-0.024909,0.3,5.0,1.0
2025-05-19,ASSET_C,"Defensive Equity",Low,62.7217,1249754,0.0107436951091773,61.959935,1.229448,0.2,5.0,1.0
2025-05-19,ASSET_D,Diversifier,Medium,41.8062,1035398,-0.014492821951392,41.792735,0.032219,0.15,5.0,1.0
2025-05-20,ASSET_A,"Growth Equity",High,111.2114,1102223,0.00510181487235517,109.139065,1.898802,0.35,2.0,1.0
2025-05-20,ASSET_B,"Quality Equity",Medium,85.259,903705,0.00796116596678398,84.67439,0.690421,0.3,2.0,1.0
2025-05-20,ASSET_C,"Defensive Equity",Low,61.6194,1305187,-0.0175744598759281,61.91922,-0.484212,0.2,2.0,1.0
2025-05-20,ASSET_D,Diversifier,Medium,42.3864,1106669,0.0138783242676925,41.835005,1.318023,0.15,2.0,1.0
2025-05-21,ASSET_A,"Growth Equity",High,108.6471,1125980,-0.023057887950336,109.07825,-0.395267,0.35,3.0,1.0
2025-05-21,ASSET_B,"Quality Equity",Medium,85.9329,943300,0.00790415088143193,84.742385,1.404864,0.3,3.0,1.0
2025-05-21,ASSET_C,"Defensive Equity",Low,62.2863,1360620,0.0108228901936727,61.96671,0.515745,0.2,3.0,1.0
2025-05-21,ASSET_D,Diversifier,Medium,41.7712,1177940,-0.0145140894249099,41.817685,-0.111161,0.15,3.0,1.0
2025-05-22,ASSET_A,"Growth Equity",High,109.2108,1149737,0.00518835753554403,109.172235,0.035325,0.35,4.0,1.0
2025-05-22,ASSET_B,"Quality Equity",Medium,84.1827,982895,-0.0203670538292087,84.689435,-0.598345,0.3,4.0,1.0
2025-05-22,ASSET_C,"Defensive Equity",Low,62.9536,816053,0.0107134313645216,62.01437,1.514536,0.2,4.0,1.0
2025-05-22,ASSET_D,Diversifier,Medium,42.3518,1249211,0.013899528861991,41.859955,1.174977,0.15,4.0,1.0
2025-05-23,ASSET_A,"Growth Equity",High,109.7751,1173494,0.00516707138854389,109.26655,0.465421,0.35,5.0,1.0
2025-05-23,ASSET_B,"Quality Equity",Medium,84.8567,1022490,0.00800639561335048,84.756975,0.11766,0.3,5.0,1.0
2025-05-23,ASSET_C,"Defensive Equity",Low,61.8504,871486,-0.0175240176892187,61.973655,-0.198883,0.2,5.0,1.0
2025-05-23,ASSET_D,Diversifier,Medium,41.7361,1320482,-0.0145377528227844,41.84259,-0.254501,0.15,5.0,1.0
2025-05-24,ASSET_A,"Growth Equity",High,110.34,1197251,0.00514597572673603,109.361195,0.89502,0.35,2.0,1.0
2025-05-24,ASSET_B,"Quality Equity",Medium,85.5312,1062085,0.00794869468173975,84.8248,0.832775,0.3,2.0,1.0
2025-05-24,ASSET_C,"Defensive Equity",Low,62.5179,926919,0.0107921694928408,62.021215,0.800831,0.2,2.0,1.0
2025-05-24,ASSET_D,Diversifier,Medium,42.317,1391753,0.013918406367629,41.884855,1.031745,0.15,2.0,1.0
2025-05-25,ASSET_A,"Growth Equity",High,110.9056,1221008,0.00512597426137407,109.456175,1.324206,0.35,3.0,1.0
2025-05-25,ASSET_B,"Quality Equity",Medium,86.2062,1101680,0.00789185700656603,84.892905,1.547002,0.3,3.0,1.0
2025-05-25,ASSET_C,"Defensive Equity",Low,61.4141,982352,-0.0176557433950917,61.98036,-0.913612,0.2,3.0,1.0
2025-05-25,ASSET_D,Diversifier,Medium,41.7009,863024,-0.0145591606210271,41.86745,-0.397803,0.15,3.0,1.0
2025-05-26,ASSET_A,"Growth Equity",High,111.4718,1244765,0.00510524265681811,109.551485,1.752888,0.35,4.0,1.0
2025-05-26,ASSET_B,"Quality Equity",Medium,84.453,1141275,-0.0203372843252573,84.839855,-0.455983,0.3,4.0,1.0
2025-05-26,ASSET_C,"Defensive Equity",Low,62.0817,1037785,0.01087046785673,62.02782,0.086864,0.2,4.0,1.0
2025-05-26,ASSET_D,Diversifier,Medium,42.2822,934295,0.0139397471037797,41.909715,0.88878,0.15,4.0,1.0
2025-05-27,ASSET_A,"Growth Equity",High,108.8974,1268522,-0.0230946302114077,109.490065,-0.541296,0.35,5.0,1.0
2025-05-27,ASSET_B,"Quality Equity",Medium,85.1281,1180870,0.00799379536546962,84.9075,0.259812,0.3,5.0,1.0
2025-05-27,ASSET_C,"Defensive Equity",Low,62.7497,1093218,0.0107600146258882,62.075445,1.086186,0.2,5.0,1.0
2025-05-27,ASSET_D,Diversifier,Medium,41.6656,1005566,-0.0145829687196978,41.892265,-0.541066,0.15,5.0,1.0
2025-05-28,ASSET_A,"Growth Equity",High,109.4628,1292279,0.0051920431525454,109.58404,-0.110637,0.35,2.0,1.0
2025-05-28,ASSET_B,"Quality Equity",Medium,85.8038,1220465,0.00793744956130804,84.975435,0.974829,0.3,2.0,1.0
2025-05-28,ASSET_C,"Defensive Equity",Low,61.6452,1148651,-0.0176016777769454,62.0346,-0.627714,0.2,2.0,1.0
2025-05-28,ASSET_D,Diversifier,Medium,42.2473,1076837,0.0139611574056298,41.93453,0.745853,0.15,2.0,1.0
2025-05-29,ASSET_A,"Growth Equity",High,110.0289,1316036,0.00517161994759863,109.678345,0.319621,0.35,3.0,1.0
2025-05-29,ASSET_B,"Quality Equity",Medium,86.4799,1260060,0.00787960439980528,85.04365,1.688839,0.3,3.0,1.0
2025-05-29,ASSET_C,"Defensive Equity",Low,62.3133,1204084,0.0108378267894336,62.08213,0.372362,0.2,3.0,1.0
2025-05-29,ASSET_D,Diversifier,Medium,41.6302,1148108,-0.0146068506153056,41.917035,-0.684292,0.15,3.0,1.0
2025-05-30,ASSET_A,"Growth Equity",High,110.5956,1339793,0.00515046501419181,109.77298,0.749383,0.35,4.0,1.0
2025-05-30,ASSET_B,"Quality Equity",Medium,84.7238,1299655,-0.0203064527132895,84.990505,-0.313806,0.3,4.0,1.0
2025-05-30,ASSET_C,"Defensive Equity",Low,62.9818,1259517,0.010728046821465,62.129825,1.371282,0.2,4.0,1.0
2025-05-30,ASSET_D,Diversifier,Medium,42.2123,1219379,0.0139826376044314,41.9593,0.602965,0.15,4.0,1.0
2025-05-31,ASSET_A,"Growth Equity",High,111.163,1363550,0.0051304030178414,109.86795,1.178733,0.35,5.0,1.0
2025-05-31,ASSET_B,"Quality Equity",Medium,85.4,1339250,0.00798122841515614,85.05826,0.401772,0.3,5.0,1.0
2025-05-31,ASSET_C,"Defensive Equity",Low,61.8765,1314950,-0.0175495143041323,62.08898,-0.342219,0.2,5.0,1.0
2025-05-31,ASSET_D,Diversifier,Medium,41.5948,1290650,-0.0146284376828555,41.941765,-0.827254,0.15,5.0,1.0
2025-06-01,ASSET_A,"Growth Equity",High,111.731,1387307,0.00510961381035058,109.96325,1.607583,0.35,3.0,1.05
2025-06-01,ASSET_B,"Quality Equity",Medium,86.0768,1378845,0.00792505854800929,85.1263,1.116576,0.3,3.0,1.05
2025-06-01,ASSET_C,"Defensive Equity",Low,62.5452,1370383,0.0108070107391336,62.13658,0.657616,0.2,3.0,1.05
2025-06-01,ASSET_D,Diversifier,Medium,42.1772,1361921,0.0140017502187773,41.984025,0.460115,0.15,3.0,1.05
2025-06-02,ASSET_A,"Growth Equity",High,109.1464,811064,-0.0231323446492021,109.90122,-0.686817,0.35,4.0,1.05
2025-06-02,ASSET_B,"Quality Equity",Medium,84.3181,818440,-0.020431753968549,85.072825,-0.887152,0.3,4.0,1.05
2025-06-02,ASSET_C,"Defensive Equity",Low,61.4392,825816,-0.0176832115014421,62.095595,-1.057072,0.2,4.0,1.05
2025-06-02,ASSET_D,Diversifier,Medium,41.5593,833192,-0.0146500953121591,41.96645,-0.97018,0.15,4.0,1.05
2025-06-03,ASSET_A,"Growth Equity",High,109.7136,834821,0.00519668995037859,109.995185,-0.255998,0.35,5.0,1.05
2025-06-03,ASSET_B,"Quality Equity",Medium,84.995,858035,0.00802793231820931,85.140405,-0.170783,0.3,5.0,1.05
2025-06-03,ASSET_C,"Defensive Equity",Low,62.1081,881249,0.0108871860310682,62.143095,-0.056314,0.2,5.0,1.05
2025-06-03,ASSET_D,Diversifier,Medium,42.142,904463,0.0140209291301827,42.008705,0.317303,0.15,5.0,1.05
2025-06-04,ASSET_A,"Growth Equity",High,110.2815,858578,0.0051762042262764,110.08948,0.174422,0.35,2.0,1.05
2025-06-04,ASSET_B,"Quality Equity",Medium,85.6723,897630,0.00796870404141425,85.208265,0.544589,0.3,2.0,1.05
2025-06-04,ASSET_C,"Defensive Equity",Low,62.7773,936682,0.0107747620680716,62.19076,0.94313,0.2,2.0,1.05
2025-06-04,ASSET_D,Diversifier,Medium,42.7251,975734,0.0138365526078494,42.05116,1.602667,0.15,2.0,1.05
2025-06-05,ASSET_A,"Growth Equity",High,110.85,882335,0.00515498973082518,110.184105,0.604348,0.35,3.0,1.05
2025-06-05,ASSET_B,"Quality Equity",Medium,86.3502,937225,0.00791270924207699,85.27641,1.259188,0.3,3.0,1.05
2025-06-05,ASSET_C,"Defensive Equity",Low,61.6706,992115,-0.0176289837250089,62.14978,-0.771008,0.2,3.0,1.05
2025-06-05,ASSET_D,Diversifier,Medium,42.1067,1047005,-0.0144739275039731,42.03372,0.173623,0.15,3.0,1.05
2025-06-06,ASSET_A,"Growth Equity",High,111.4191,906092,0.00513396481732076,110.27906,1.033777,0.35,4.0,1.05
2025-06-06,ASSET_B,"Quality Equity",Medium,84.5886,976820,-0.0204006475954891,85.222835,-0.744208,0.3,4.0,1.05
2025-06-06,ASSET_C,"Defensive Equity",Low,62.34,1047548,0.0108544427977026,62.19735,0.229351,0.2,4.0,1.05
2025-06-06,ASSET_D,Diversifier,Medium,42.6902,1118276,0.0138576521076219,42.076175,1.459318,0.15,4.0,1.05
2025-06-07,ASSET_A,"Growth Equity",High,111.9889,929849,0.00511402443566689,110.374345,1.462799,0.35,5.0,1.05
2025-06-07,ASSET_B,"Quality Equity",Medium,85.2666,1016415,0.00801526446826162,85.290525,-0.028051,0.3,5.0,1.05
2025-06-07,ASSET_C,"Defensive Equity",Low,63.0097,1102981,0.0107427013153674,62.245085,1.228394,0.2,5.0,1.05
2025-06-07,ASSET_D,Diversifier,Medium,42.0714,1189547,-0.0144951300298429,42.058695,0.030208,0.15,5.0,1.05
2025-06-08,ASSET_A,"Growth Equity",High,112.5593,953606,0.00509336193140553,110.469965,1.891315,0.35,2.0,1.05
2025-06-08,ASSET_B,"Quality Equity",Medium,85.9451,1056010,0.00795739480640711,85.3585,0.687219,0.3,2.0,1.05
2025-06-08,ASSET_C,"Defensive Equity",Low,61.9022,1158414,-0.0175766588318942,62.20411,-0.485354,0.2,2.0,1.05
2025-06-08,ASSET_D,Diversifier,Medium,42.6552,1260818,0.0138764101028253,42.101145,1.316009,0.15,2.0,1.05
2025-06-09,ASSET_A,"Growth Equity",High,109.9631,977363,-0.0230651754230881,110.40755,-0.402554,0.35,3.0,1.05
2025-06-09,ASSET_B,"Quality Equity",Medium,86.6241,1095605,0.00790039222713101,85.426755,1.401604,0.3,3.0,1.05
2025-06-09,ASSET_C,"Defensive Equity",Low,62.5722,1213847,0.01082352485049,62.25175,0.514765,0.2,3.0,1.05
2025-06-09,ASSET_D,Diversifier,Medium,42.036,1332089,-0.0145164012828447,42.083625,-0.113168,0.15,3.0,1.05
2025-06-10,ASSET_A,"Growth Equity",High,110.5328,1001120,0.00518082884167503,110.501835,0.028022,0.35,4.0,1.05
2025-06-10,ASSET_B,"Quality Equity",Medium,84.8595,1135200,-0.0203707744149723,85.373085,-0.601577,0.3,4.0,1.05
2025-06-10,ASSET_C,"Defensive Equity",Low,63.2424,1269280,0.0107108268528195,62.299555,1.513406,0.2,4.0,1.05
2025-06-10,ASSET_D,Diversifier,Medium,42.6202,803360,0.0138976115710343,42.126075,1.172967,0.15,4.0,1.05
2025-06-11,ASSET_A,"Growth Equity",High,111.1031,1024877,0.00515955444899618,110.59645,0.458107,0.35,5.0,1.05
2025-06-11,ASSET_B,"Quality Equity",Medium,85.5386,1174795,0.00800263965731607,85.44088,0.114371,0.3,5.0,1.05
2025-06-11,ASSET_C,"Defensive Equity",Low,62.1341,1324713,-0.0175246353712067,62.25858,-0.19994,0.2,5.0,1.05
2025-06-11,ASSET_D,Diversifier,Medium,42.0005,874631,-0.0145400537773167,42.10851,-0.256504,0.15,5.0,1.05
2025-06-12,ASSET_A,"Growth Equity",High,111.674,1048634,0.00513847048372185,110.691395,0.887698,0.35,2.0,1.05
2025-06-12,ASSET_B,"Quality Equity",Medium,86.2182,1214390,0.00794495116824434,85.508955,0.829439,0.3,2.0,1.05
2025-06-12,ASSET_C,"Defensive Equity",Low,62.8046,1380146,0.0107911758599546,62.30629,0.799775,0.2,2.0,1.05
2025-06-12,ASSET_D,Diversifier,Medium,42.585,945902,0.0139165009940359,42.150955,1.029739,0.15,2.0,1.05
2025-06-13,ASSET_A,"Growth Equity",High,112.2456,1072391,0.00511846983183184,110.786675,1.316878,0.35,3.0,1.05
2025-06-13,ASSET_B,"Quality Equity",Medium,86.8984,1253985,0.00788928555687773,85.577315,1.543733,0.3,3.0,1.05
2025-06-13,ASSET_C,"Defensive Equity",Low,61.6957,835579,-0.0176563500125787,62.26518,-0.914604,0.2,3.0,1.05
2025-06-13,ASSET_D,Diversifier,Medium,41.9649,1017173,-0.0145614653046847,42.13335,-0.399802,0.15,3.0,1.05
2025-06-14,ASSET_A,"Growth Equity",High,112.8178,1096148,0.00509774993407319,110.882285,1.745558,0.35,4.0,1.05
2025-06-14,ASSET_B,"Quality Equity",Medium,85.1309,1293580,-0.0203398451524999,85.52355,-0.459113,0.3,4.0,1.05
2025-06-14,ASSET_C,"Defensive Equity",Low,62.3663,891012,0.0108694771272553,62.31279,0.085873,0.2,4.0,1.05
2025-06-14,ASSET_D,Diversifier,Medium,42.5498,1088444,0.0139378385269593,42.175795,0.886776,0.15,4.0,1.05
2025-06-15,ASSET_A,"Growth Equity",High,110.2114,1119905,-0.0231027373340024,110.819265,-0.548519,0.35,5.0,1.05
2025-06-15,ASSET_B,"Quality Equity",Medium,85.8111,1333175,0.00799004826684557,85.591455,0.25662,0.3,5.0,1.05
2025-06-15,ASSET_C,"Defensive Equity",Low,63.0373,946445,0.0107590156863562,62.36057,1.085189,0.2,5.0,1.05
2025-06-15,ASSET_D,Diversifier,Medium,41.9292,1159715,-0.0145852624454168,42.158145,-0.543062,0.15,5.0,1.05
2025-06-16,ASSET_A,"Growth Equity",High,110.7829,1143662,0.00518548897845417,110.91354,-0.117785,0.35,2.0,1.05
2025-06-16,ASSET_B,"Quality Equity",Medium,86.4919,1372770,0.00793370554625228,85.659645,0.971584,0.3,2.0,1.05
2025-06-16,ASSET_C,"Defensive Equity",Low,61.9276,1001878,-0.0176038631096193,62.319465,-0.6288,0.2,2.0,1.05
2025-06-16,ASSET_D,Diversifier,Medium,42.5145,1230986,0.0139592455854154,42.20059,0.743852,0.15,2.0,1.05
2025-06-17,ASSET_A,"Growth Equity",High,111.3549,1167419,0.00516325172928322,111.008145,0.312369,0.35,3.0,1.05
2025-06-17,ASSET_B,"Quality Equity",Medium,87.1732,812365,0.00787703819664021,85.728115,1.685661,0.3,3.0,1.05
2025-06-17,ASSET_C,"Defensive Equity",Low,62.5988,1057311,0.0108384629793501,62.367145,0.371438,0.2,3.0,1.05
2025-06-17,ASSET_D,Diversifier,Medium,41.8935,1302257,-0.0146067812158204,42.1829,-0.68606,0.15,3.0,1.05
2025-06-18,ASSET_A,"Growth Equity",High,111.9276,1191176,0.00514301570923226,111.10308,0.742122,0.35,4.0,1.05
2025-06-18,ASSET_B,"Quality Equity",Medium,85.4026,851960,-0.0203112883317348,85.67425,-0.317073,0.3,4.0,1.05
2025-06-18,ASSET_C,"Defensive Equity",Low,63.2702,1112744,0.0107254452162022,62.41499,1.3702,0.2,4.0,1.05
2025-06-18,ASSET_D,Diversifier,Medium,42.4791,1373528,0.0139783021232411,42.225345,0.600954,0.15,4.0,1.05
2025-06-19,ASSET_A,"Growth Equity",High,112.501,1214933,0.00512295448128985,111.19835,1.171465,0.35,5.0,1.05
2025-06-19,ASSET_B,"Quality Equity",Medium,86.084,891555,0.00797867980600109,85.74226,0.398567,0.3,5.0,1.05
2025-06-19,ASSET_C,"Defensive Equity",Low,62.1598,1168177,-0.0175501262837798,62.37389,-0.343237,0.2,5.0,1.05
2025-06-19,ASSET_D,Diversifier,Medium,41.8576,844799,-0.01463072428559,42.20761,-0.829258,0.15,5.0,1.05
2025-06-20,ASSET_A,"Growth Equity",High,113.075,1238690,0.00510217686953895,111.29395,1.600312,0.35,2.0,1.05
2025-06-20,ASSET_B,"Quality Equity",Medium,86.7659,931150,0.00792133265182837,85.810555,1.113319,0.3,2.0,1.05
2025-06-20,ASSET_C,"Defensive Equity",Low,62.8315,1223610,0.0108060193243866,62.42164,0.656599,0.2,2.0,1.05
2025-06-20,ASSET_D,Diversifier,Medium,42.4436,916070,0.0139998471006462,42.25005,0.458106,0.15,2.0,1.05
2025-06-21,ASSET_A,"Growth Equity",High,110.4584,1262447,-0.0231403935441079,111.23032,-0.693983,0.35,3.0,1.05
2025-06-21,ASSET_B,"Quality Equity",Medium,84.9929,970745,-0.0204342950398716,85.75636,-0.890266,0.3,3.0,1.05
2025-06-21,ASSET_C,"Defensive Equity",Low,61.7204,1279043,-0.0176838050977615,62.3804,-1.058025,0.2,3.0,1.05
2025-06-21,ASSET_D,Diversifier,Medium,41.8217,987341,-0.0146523857542716,42.232275,-0.972183,0.15,3.0,1.05
2025-06-22,ASSET_A,"Growth Equity",High,111.0316,1286204,0.00518928392951556,111.32458,-0.263176,0.35,4.0,1.05
2025-06-22,ASSET_B,"Quality Equity",Medium,85.6748,1010340,0.00802302309957659,85.824195,-0.174071,0.3,4.0,1.05
2025-06-22,ASSET_C,"Defensive Equity",Low,62.3923,1334476,0.0108861899793262,62.428055,-0.057274,0.2,4.0,1.05
2025-06-22,ASSET_D,Diversifier,Medium,42.408,1058612,0.0140190379635452,42.27471,0.315295,0.15,4.0,1.05
2025-06-23,ASSET_A,"Growth Equity",High,111.6055,1309961,0.00516879879241583,111.419175,0.167229,0.35,5.0,1.05
2025-06-23,ASSET_B,"Quality Equity",Medium,86.3573,1049935,0.00796616974886422,85.89231,0.541364,0.3,5.0,1.05
2025-06-23,ASSET_C,"Defensive Equity",Low,63.0645,1389909,0.0107737653524553,62.475875,0.942164,0.2,5.0,1.05
2025-06-23,ASSET_D,Diversifier,Medium,42.9947,1129883,0.0138346538388983,42.317345,1.600656,0.15,5.0,1.05
2025-06-24,ASSET_A,"Growth Equity",High,112.18,1333718,0.0051475957726097,111.5141,0.597144,0.35,2.0,1.05
2025-06-24,ASSET_B,"Quality Equity",Medium,87.0404,1089530,0.00791015930326688,85.960715,1.256021,0.3,2.0,1.05
2025-06-24,ASSET_C,"Defensive Equity",Low,61.9526,845342,-0.0176311554043876,62.43464,-0.772071,0.2,2.0,1.05
2025-06-24,ASSET_D,Diversifier,Medium,42.3723,1201154,-0.0144762028808202,42.299705,0.171621,0.15,2.0,1.05
2025-06-25,ASSET_A,"Growth Equity",High,112.7551,1357475,0.00512658227848095,111.609355,1.026567,0.35,3.0,1.05
2025-06-25,ASSET_B,"Quality Equity",Medium,85.2644,1129125,-0.0204043179948623,85.906425,-0.747354,0.3,3.0,1.05
2025-06-25,ASSET_C,"Defensive Equity",Low,62.625,900775,0.010853458934734,62.48236,0.228288,0.2,3.0,1.05
2025-06-25,ASSET_D,Diversifier,Medium,42.9594,1272425,0.0138557501008914,42.34234,1.457312,0.15,3.0,1.05
2025-06-26,ASSET_A,"Growth Equity",High,113.3309,1381232,0.00510664262636462,111.704945,1.45558,0.35,4.0,1.05
2025-06-26,ASSET_B,"Quality Equity",Medium,85.9475,1168720,0.00801154995519826,85.97437,-0.031254,0.3,4.0,1.05
2025-06-26,ASSET_C,"Defensive Equity",Low,63.2977,956208,0.0107417165668662,62.530245,1.227334,0.2,4.0,1.05
2025-06-26,ASSET_D,Diversifier,Medium,42.3366,1343696,-0.0144974091816926,42.32466,0.028211,0.15,4.0,1.05
2025-06-27,ASSET_A,"Growth Equity",High,113.9073,804989,0.00508599155217171,111.800865,1.884095,0.35,5.0,1.05
2025-06-27,ASSET_B,"Quality Equity",Medium,86.6311,1208315,0.00795369266121759,86.042595,0.683969,0.3,5.0,1.05
2025-06-27,ASSET_C,"Defensive Equity",Low,62.1851,1011641,-0.0175772579414418,62.489015,-0.486349,0.2,5.0,1.05
2025-06-27,ASSET_D,Diversifier,Medium,42.924,814967,0.0138745199189354,42.36729,1.314009,0.15,5.0,1.05
2025-06-28,ASSET_A,"Growth Equity",High,111.2792,828746,-0.0230722701705686,111.73686,-0.409587,0.35,2.0,1.05
2025-06-28,ASSET_B,"Quality Equity",Medium,87.3153,1247910,0.00789785654343511,86.111105,1.39842,0.3,2.0,1.05
2025-06-28,ASSET_C,"Defensive Equity",Low,62.858,1067074,0.0108209201239524,62.536805,0.51361,0.2,2.0,1.05
2025-06-28,ASSET_D,Diversifier,Medium,42.3008,886238,-0.0145186841860031,42.34957,-0.115161,0.15,2.0,1.05
2025-06-29,ASSET_A,"Growth Equity",High,111.8548,852503,0.00517257492864798,111.831445,0.020884,0.35,3.0,1.05
2025-06-29,ASSET_B,"Quality Equity",Medium,85.5363,1287505,-0.0203744360953921,86.056715,-0.604735,0.3,3.0,1.05
2025-06-29,ASSET_C,"Defensive Equity",Low,63.5312,1122507,0.0107098539565369,62.584755,1.512261,0.2,3.0,1.05
2025-06-29,ASSET_D,Diversifier,Medium,42.8886,957509,0.0138957182842876,42.3922,1.17097,0.15,3.0,1.05
