period,asset_group,metric_name,metric_value,unit,observation_count,evidence_class,interpretation_note
2025-01,Defensive,mean_return,-0.155128,percent,23,synthetic,Descriptive synthetic result; compare with other groups and periods.
2025-01,Defensive,median_return,-0.165043,percent,23,synthetic,Descriptive synthetic result; compare with other groups and periods.
2025-01,Defensive,standard_deviation,0.599123,percent,23,synthetic,Descriptive synthetic result; compare with other groups and periods.
2025-01,Defensive,variance,0.358948,percent_squared,23,synthetic,Descriptive synthetic result; compare with other groups and periods.
2025-01,Defensive,minimum_return,-1.609707,percent,23,synthetic,Descriptive synthetic result; compare with other groups and periods.
2025-01,Defensive,maximum_return,1.222078,percent,23,synthetic,Descriptive synthetic result; compare with other groups and periods.
2025-01,Defensive,percentile_25,-0.470453,percent,23,synthetic,Descriptive synthetic result; compare with other groups and periods.
2025-01,Defensive,percentile_75,0.224748,percent,23,synthetic,Descriptive synthetic result; compare with other groups and periods.
2025-01,Defensive,positive_period_probability,39.130435,percent,23,synthetic,Descriptive synthetic result; compare with other groups and periods.
2025-01,Defensive,negative_period_probability,60.869565,percent,23,synthetic,Descriptive synthetic result; compare with other groups and periods.
2025-01,Defensive,annualized_volatility,9.510782,percent,23,synthetic,Descriptive synthetic result; compare with other groups and periods.
2025-01,Defensive,downside_volatility,6.688139,percent,23,synthetic,Descriptive synthetic result; compare with other groups and periods.
2025-01,Defensive,drawdown_frequency,95.652174,percent,23,synthetic,Descriptive synthetic result; compare with other groups and periods.
2025-01,Defensive,maximum_drawdown,-4.638644,percent,23,synthetic,Descriptive synthetic result; compare with other groups and periods.
2025-01,Defensive,average_absolute_correlation,0.329991,coefficient,23,synthetic,Descriptive synthetic result; compare with other groups and periods.
2025-01,Diversifier,mean_return,0.042871,percent,23,synthetic,Descriptive synthetic result; compare with other groups and periods.
2025-01,Diversifier,median_return,0.085038,percent,23,synthetic,Descriptive synthetic result; compare with other groups and periods.
2025-01,Diversifier,standard_deviation,0.609202,percent,23,synthetic,Descriptive synthetic result; compare with other groups and periods.
2025-01,Diversifier,variance,0.371127,percent_squared,23,synthetic,Descriptive synthetic result; compare with other groups and periods.
2025-01,Diversifier,minimum_return,-1.001803,percent,23,synthetic,Descriptive synthetic result; compare with other groups and periods.
2025-01,Diversifier,maximum_return,0.895267,percent,23,synthetic,Descriptive synthetic result; compare with other groups and periods.
2025-01,Diversifier,percentile_25,-0.423714,percent,23,synthetic,Descriptive synthetic result; compare with other groups and periods.
2025-01,Diversifier,percentile_75,0.625937,percent,23,synthetic,Descriptive synthetic result; compare with other groups and periods.
2025-01,Diversifier,positive_period_probability,52.173913,percent,23,synthetic,Descriptive synthetic result; compare with other groups and periods.
2025-01,Diversifier,negative_period_probability,47.826087,percent,23,synthetic,Descriptive synthetic result; compare with other groups and periods.
2025-01,Diversifier,annualized_volatility,9.670778,percent,23,synthetic,Descriptive synthetic result; compare with other groups and periods.
2025-01,Diversifier,downside_volatility,4.284134,percent,23,synthetic,Descriptive synthetic result; compare with other groups and periods.
2025-01,Diversifier,drawdown_frequency,65.217391,percent,23,synthetic,Descriptive synthetic result; compare with other groups and periods.
2025-01,Diversifier,maximum_drawdown,-1.423145,percent,23,synthetic,Descriptive synthetic result; compare with other groups and periods.
2025-01,Diversifier,average_absolute_correlation,0.165108,coefficient,23,synthetic,Descriptive synthetic result; compare with other groups and periods.
2025-01,Growth,mean_return,0.025427,percent,23,synthetic,Descriptive synthetic result; compare with other groups and periods.
2025-01,Growth,median_return,-0.029195,percent,23,synthetic,Descriptive synthetic result; compare with other groups and periods.
2025-01,Growth,standard_deviation,1.338796,percent,23,synthetic,Descriptive synthetic result; compare with other groups and periods.
2025-01,Growth,variance,1.792375,percent_squared,23,synthetic,Descriptive synthetic result; compare with other groups and periods.
2025-01,Growth,minimum_return,-3.119552,percent,23,synthetic,Descriptive synthetic result; compare with other groups and periods.
2025-01,Growth,maximum_return,3.738131,percent,23,synthetic,Descriptive synthetic result; compare with other groups and periods.
2025-01,Growth,percentile_25,-0.733055,percent,23,synthetic,Descriptive synthetic result; compare with other groups and periods.
2025-01,Growth,percentile_75,0.70346,percent,23,synthetic,Descriptive synthetic result; compare with other groups and periods.
2025-01,Growth,positive_period_probability,47.826087,percent,23,synthetic,Descriptive synthetic result; compare with other groups and periods.
2025-01,Growth,negative_period_probability,52.173913,percent,23,synthetic,Descriptive synthetic result; compare with other groups and periods.
2025-01,Growth,annualized_volatility,21.252726,percent,23,synthetic,Descriptive synthetic result; compare with other groups and periods.
2025-01,Growth,downside_volatility,12.766171,percent,23,synthetic,Descriptive synthetic result; compare with other groups and periods.
2025-01,Growth,drawdown_frequency,73.913043,percent,23,synthetic,Descriptive synthetic result; compare with other groups and periods.
2025-01,Growth,maximum_drawdown,-3.844922,percent,23,synthetic,Descriptive synthetic result; compare with other groups and periods.
2025-01,Growth,average_absolute_correlation,0.419013,coefficient,23,synthetic,Descriptive synthetic result; compare with other groups and periods.
2025-01,Income,mean_return,-0.232911,percent,23,synthetic,Descriptive synthetic result; compare with other groups and periods.
2025-01,Income,median_return,-0.190422,percent,23,synthetic,Descriptive synthetic result; compare with other groups and periods.
2025-01,Income,standard_deviation,0.543412,percent,23,synthetic,Descriptive synthetic result; compare with other groups and periods.
2025-01,Income,variance,0.295296,percent_squared,23,synthetic,Descriptive synthetic result; compare with other groups and periods.
2025-01,Income,minimum_return,-1.573514,percent,23,synthetic,Descriptive synthetic result; compare with other groups and periods.
2025-01,Income,maximum_return,0.673292,percent,23,synthetic,Descriptive synthetic result; compare with other groups and periods.
2025-01,Income,percentile_25,-0.547227,percent,23,synthetic,Descriptive synthetic result; compare with other groups and periods.
2025-01,Income,percentile_75,0.195548,percent,23,synthetic,Descriptive synthetic result; compare with other groups and periods.
2025-01,Income,positive_period_probability,34.782609,percent,23,synthetic,Descriptive synthetic result; compare with other groups and periods.
2025-01,Income,negative_period_probability,65.217391,percent,23,synthetic,Descriptive synthetic result; compare with other groups and periods.
2025-01,Income,annualized_volatility,8.626392,percent,23,synthetic,Descriptive synthetic result; compare with other groups and periods.
2025-01,Income,downside_volatility,6.329394,percent,23,synthetic,Descriptive synthetic result; compare with other groups and periods.
2025-01,Income,drawdown_frequency,95.652174,percent,23,synthetic,Descriptive synthetic result; compare with other groups and periods.
2025-01,Income,maximum_drawdown,-5.350599,percent,23,synthetic,Descriptive synthetic result; compare with other groups and periods.
2025-01,Income,average_absolute_correlation,0.309645,coefficient,23,synthetic,Descriptive synthetic result; compare with other groups and periods.
2025-02,Defensive,mean_return,-0.2707,percent,20,synthetic,Descriptive synthetic result; compare with other groups and periods.
2025-02,Defensive,median_return,-0.304656,percent,20,synthetic,Descriptive synthetic result; compare with other groups and periods.
2025-02,Defensive,standard_deviation,0.497052,percent,20,synthetic,Descriptive synthetic result; compare with other groups and periods.
2025-02,Defensive,variance,0.24706,percent_squared,20,synthetic,Descriptive synthetic result; compare with other groups and periods.
2025-02,Defensive,minimum_return,-1.115025,percent,20,synthetic,Descriptive synthetic result; compare with other groups and periods.
2025-02,Defensive,maximum_return,0.711819,percent,20,synthetic,Descriptive synthetic result; compare with other groups and periods.
2025-02,Defensive,percentile_25,-0.652071,percent,20,synthetic,Descriptive synthetic result; compare with other groups and periods.
2025-02,Defensive,percentile_75,0.041933,percent,20,synthetic,Descriptive synthetic result; compare with other groups and periods.
2025-02,Defensive,positive_period_probability,40.0,percent,20,synthetic,Descriptive synthetic result; compare with other groups and periods.
2025-02,Defensive,negative_period_probability,60.0,percent,20,synthetic,Descriptive synthetic result; compare with other groups and periods.
2025-02,Defensive,annualized_volatility,7.890448,percent,20,synthetic,Descriptive synthetic result; compare with other groups and periods.
2025-02,Defensive,downside_volatility,4.845075,percent,20,synthetic,Descriptive synthetic result; compare with other groups and periods.
2025-02,Defensive,drawdown_frequency,95.0,percent,20,synthetic,Descriptive synthetic result; compare with other groups and periods.
2025-02,Defensive,maximum_drawdown,-5.066047,percent,20,synthetic,Descriptive synthetic result; compare with other groups and periods.
2025-02,Defensive,average_absolute_correlation,0.357126,coefficient,20,synthetic,Descriptive synthetic result; compare with other groups and periods.
2025-02,Diversifier,mean_return,-0.059019,percent,20,synthetic,Descriptive synthetic result; compare with other groups and periods.
2025-02,Diversifier,median_return,-0.027302,percent,20,synthetic,Descriptive synthetic result; compare with other groups and periods.
2025-02,Diversifier,standard_deviation,0.632296,percent,20,synthetic,Descriptive synthetic result; compare with other groups and periods.
2025-02,Diversifier,variance,0.399798,percent_squared,20,synthetic,Descriptive synthetic result; compare with other groups and periods.
2025-02,Diversifier,minimum_return,-1.150435,percent,20,synthetic,Descriptive synthetic result; compare with other groups and periods.
2025-02,Diversifier,maximum_return,0.878573,percent,20,synthetic,Descriptive synthetic result; compare with other groups and periods.
2025-02,Diversifier,percentile_25,-0.58419,percent,20,synthetic,Descriptive synthetic result; compare with other groups and periods.
2025-02,Diversifier,percentile_75,0.501201,percent,20,synthetic,Descriptive synthetic result; compare with other groups and periods.
2025-02,Diversifier,positive_period_probability,50.0,percent,20,synthetic,Descriptive synthetic result; compare with other groups and periods.
2025-02,Diversifier,negative_period_probability,50.0,percent,20,synthetic,Descriptive synthetic result; compare with other groups and periods.
2025-02,Diversifier,annualized_volatility,10.037389,percent,20,synthetic,Descriptive synthetic result; compare with other groups and periods.
2025-02,Diversifier,downside_volatility,4.97286,percent,20,synthetic,Descriptive synthetic result; compare with other groups and periods.
2025-02,Diversifier,drawdown_frequency,90.0,percent,20,synthetic,Descriptive synthetic result; compare with other groups and periods.
2025-02,Diversifier,maximum_drawdown,-2.341573,percent,20,synthetic,Descriptive synthetic result; compare with other groups and periods.
2025-02,Diversifier,average_absolute_correlation,0.17514,coefficient,20,synthetic,Descriptive synthetic result; compare with other groups and periods.
2025-02,Growth,mean_return,-0.502256,percent,20,synthetic,Descriptive synthetic result; compare with other groups and periods.
2025-02,Growth,median_return,-0.513606,percent,20,synthetic,Descriptive synthetic result; compare with other groups and periods.
2025-02,Growth,standard_deviation,1.680348,percent,20,synthetic,Descriptive synthetic result; compare with other groups and periods.
2025-02,Growth,variance,2.823569,percent_squared,20,synthetic,Descriptive synthetic result; compare with other groups and periods.
2025-02,Growth,minimum_return,-3.030759,percent,20,synthetic,Descriptive synthetic result; compare with other groups and periods.
2025-02,Growth,maximum_return,4.286879,percent,20,synthetic,Descriptive synthetic result; compare with other groups and periods.
2025-02,Growth,percentile_25,-1.434345,percent,20,synthetic,Descriptive synthetic result; compare with other groups and periods.
2025-02,Growth,percentile_75,0.037001,percent,20,synthetic,Descriptive synthetic result; compare with other groups and periods.
2025-02,Growth,positive_period_probability,25.0,percent,20,synthetic,Descriptive synthetic result; compare with other groups and periods.
2025-02,Growth,negative_period_probability,75.0,percent,20,synthetic,Descriptive synthetic result; compare with other groups and periods.
2025-02,Growth,annualized_volatility,26.674697,percent,20,synthetic,Descriptive synthetic result; compare with other groups and periods.
2025-02,Growth,downside_volatility,15.700636,percent,20,synthetic,Descriptive synthetic result; compare with other groups and periods.
2025-02,Growth,drawdown_frequency,95.0,percent,20,synthetic,Descriptive synthetic result; compare with other groups and periods.
2025-02,Growth,maximum_drawdown,-13.416948,percent,20,synthetic,Descriptive synthetic result; compare with other groups and periods.
2025-02,Growth,average_absolute_correlation,0.485327,coefficient,20,synthetic,Descriptive synthetic result; compare with other groups and periods.
2025-02,Income,mean_return,-0.065159,percent,20,synthetic,Descriptive synthetic result; compare with other groups and periods.
2025-02,Income,median_return,-0.103059,percent,20,synthetic,Descriptive synthetic result; compare with other groups and periods.
2025-02,Income,standard_deviation,0.534884,percent,20,synthetic,Descriptive synthetic result; compare with other groups and periods.
2025-02,Income,variance,0.286101,percent_squared,20,synthetic,Descriptive synthetic result; compare with other groups and periods.
2025-02,Income,minimum_return,-1.283491,percent,20,synthetic,Descriptive synthetic result; compare with other groups and periods.
2025-02,Income,maximum_return,1.189255,percent,20,synthetic,Descriptive synthetic result; compare with other groups and periods.
2025-02,Income,percentile_25,-0.376415,percent,20,synthetic,Descriptive synthetic result; compare with other groups and periods.
2025-02,Income,percentile_75,0.215181,percent,20,synthetic,Descriptive synthetic result; compare with other groups and periods.
2025-02,Income,positive_period_probability,45.0,percent,20,synthetic,Descriptive synthetic result; compare with other groups and periods.
2025-02,Income,negative_period_probability,55.0,percent,20,synthetic,Descriptive synthetic result; compare with other groups and periods.
2025-02,Income,annualized_volatility,8.49102,percent,20,synthetic,Descriptive synthetic result; compare with other groups and periods.
2025-02,Income,downside_volatility,5.534417,percent,20,synthetic,Descriptive synthetic result; compare with other groups and periods.
2025-02,Income,drawdown_frequency,95.0,percent,20,synthetic,Descriptive synthetic result; compare with other groups and periods.
2025-02,Income,maximum_drawdown,-2.508748,percent,20,synthetic,Descriptive synthetic result; compare with other groups and periods.
2025-02,Income,average_absolute_correlation,0.432083,coefficient,20,synthetic,Descriptive synthetic result; compare with other groups and periods.
2025-03,Defensive,mean_return,-0.125383,percent,21,synthetic,Descriptive synthetic result; compare with other groups and periods.
2025-03,Defensive,median_return,-0.151393,percent,21,synthetic,Descriptive synthetic result; compare with other groups and periods.
2025-03,Defensive,standard_deviation,0.685901,percent,21,synthetic,Descriptive synthetic result; compare with other groups and periods.
2025-03,Defensive,variance,0.47046,percent_squared,21,synthetic,Descriptive synthetic result; compare with other groups and periods.
2025-03,Defensive,minimum_return,-1.486281,percent,21,synthetic,Descriptive synthetic result; compare with other groups and periods.
2025-03,Defensive,maximum_return,1.159417,percent,21,synthetic,Descriptive synthetic result; compare with other groups and periods.
2025-03,Defensive,percentile_25,-0.612352,percent,21,synthetic,Descriptive synthetic result; compare with other groups and periods.
2025-03,Defensive,percentile_75,0.330296,percent,21,synthetic,Descriptive synthetic result; compare with other groups and periods.
2025-03,Defensive,positive_period_probability,47.619048,percent,21,synthetic,Descriptive synthetic result; compare with other groups and periods.
2025-03,Defensive,negative_period_probability,52.380952,percent,21,synthetic,Descriptive synthetic result; compare with other groups and periods.
2025-03,Defensive,annualized_volatility,10.888339,percent,21,synthetic,Descriptive synthetic result; compare with other groups and periods.
2025-03,Defensive,downside_volatility,6.309802,percent,21,synthetic,Descriptive synthetic result; compare with other groups and periods.
2025-03,Defensive,drawdown_frequency,76.190476,percent,21,synthetic,Descriptive synthetic result; compare with other groups and periods.
2025-03,Defensive,maximum_drawdown,-4.93615,percent,21,synthetic,Descriptive synthetic result; compare with other groups and periods.
2025-03,Defensive,average_absolute_correlation,0.538457,coefficient,21,synthetic,Descriptive synthetic result; compare with other groups and periods.
2025-03,Diversifier,mean_return,-0.265614,percent,21,synthetic,Descriptive synthetic result; compare with other groups and periods.
2025-03,Diversifier,median_return,-0.20275,percent,21,synthetic,Descriptive synthetic result; compare with other groups and periods.
2025-03,Diversifier,standard_deviation,0.680352,percent,21,synthetic,Descriptive synthetic result; compare with other groups and periods.
2025-03,Diversifier,variance,0.462878,percent_squared,21,synthetic,Descriptive synthetic result; compare with other groups and periods.
2025-03,Diversifier,minimum_return,-1.502654,percent,21,synthetic,Descriptive synthetic result; compare with other groups and periods.
2025-03,Diversifier,maximum_return,0.830596,percent,21,synthetic,Descriptive synthetic result; compare with other groups and periods.
2025-03,Diversifier,percentile_25,-0.767371,percent,21,synthetic,Descriptive synthetic result; compare with other groups and periods.
2025-03,Diversifier,percentile_75,0.426785,percent,21,synthetic,Descriptive synthetic result; compare with other groups and periods.
2025-03,Diversifier,positive_period_probability,38.095238,percent,21,synthetic,Descriptive synthetic result; compare with other groups and periods.
2025-03,Diversifier,negative_period_probability,61.904762,percent,21,synthetic,Descriptive synthetic result; compare with other groups and periods.
2025-03,Diversifier,annualized_volatility,10.800245,percent,21,synthetic,Descriptive synthetic result; compare with other groups and periods.
2025-03,Diversifier,downside_volatility,6.48469,percent,21,synthetic,Descriptive synthetic result; compare with other groups and periods.
2025-03,Diversifier,drawdown_frequency,90.47619,percent,21,synthetic,Descriptive synthetic result; compare with other groups and periods.
2025-03,Diversifier,maximum_drawdown,-5.743575,percent,21,synthetic,Descriptive synthetic result; compare with other groups and periods.
2025-03,Diversifier,average_absolute_correlation,0.198571,coefficient,21,synthetic,Descriptive synthetic result; compare with other groups and periods.
2025-03,Growth,mean_return,-0.324617,percent,21,synthetic,Descriptive synthetic result; compare with other groups and periods.
2025-03,Growth,median_return,-0.446603,percent,21,synthetic,Descriptive synthetic result; compare with other groups and periods.
2025-03,Growth,standard_deviation,1.56303,percent,21,synthetic,Descriptive synthetic result; compare with other groups and periods.
2025-03,Growth,variance,2.443063,percent_squared,21,synthetic,Descriptive synthetic result; compare with other groups and periods.
2025-03,Growth,minimum_return,-3.224173,percent,21,synthetic,Descriptive synthetic result; compare with other groups and periods.
2025-03,Growth,maximum_return,2.463232,percent,21,synthetic,Descriptive synthetic result; compare with other groups and periods.
2025-03,Growth,percentile_25,-1.052402,percent,21,synthetic,Descriptive synthetic result; compare with other groups and periods.
2025-03,Growth,percentile_75,0.764897,percent,21,synthetic,Descriptive synthetic result; compare with other groups and periods.
2025-03,Growth,positive_period_probability,42.857143,percent,21,synthetic,Descriptive synthetic result; compare with other groups and periods.
2025-03,Growth,negative_period_probability,57.142857,percent,21,synthetic,Descriptive synthetic result; compare with other groups and periods.
2025-03,Growth,annualized_volatility,24.812331,percent,21,synthetic,Descriptive synthetic result; compare with other groups and periods.
2025-03,Growth,downside_volatility,16.048383,percent,21,synthetic,Descriptive synthetic result; compare with other groups and periods.
2025-03,Growth,drawdown_frequency,80.952381,percent,21,synthetic,Descriptive synthetic result; compare with other groups and periods.
2025-03,Growth,maximum_drawdown,-8.183565,percent,21,synthetic,Descriptive synthetic result; compare with other groups and periods.
2025-03,Growth,average_absolute_correlation,0.380228,coefficient,21,synthetic,Descriptive synthetic result; compare with other groups and periods.
2025-03,Income,mean_return,-0.145826,percent,21,synthetic,Descriptive synthetic result; compare with other groups and periods.
2025-03,Income,median_return,-0.098643,percent,21,synthetic,Descriptive synthetic result; compare with other groups and periods.
2025-03,Income,standard_deviation,0.56721,percent,21,synthetic,Descriptive synthetic result; compare with other groups and periods.
2025-03,Income,variance,0.321727,percent_squared,21,synthetic,Descriptive synthetic result; compare with other groups and periods.
2025-03,Income,minimum_return,-1.779163,percent,21,synthetic,Descriptive synthetic result; compare with other groups and periods.
2025-03,Income,maximum_return,0.90171,percent,21,synthetic,Descriptive synthetic result; compare with other groups and periods.
2025-03,Income,percentile_25,-0.491373,percent,21,synthetic,Descriptive synthetic result; compare with other groups and periods.
2025-03,Income,percentile_75,0.150239,percent,21,synthetic,Descriptive synthetic result; compare with other groups and periods.
2025-03,Income,positive_period_probability,38.095238,percent,21,synthetic,Descriptive synthetic result; compare with other groups and periods.
2025-03,Income,negative_period_probability,61.904762,percent,21,synthetic,Descriptive synthetic result; compare with other groups and periods.
2025-03,Income,annualized_volatility,9.004184,percent,21,synthetic,Descriptive synthetic result; compare with other groups and periods.
2025-03,Income,downside_volatility,7.373631,percent,21,synthetic,Descriptive synthetic result; compare with other groups and periods.
2025-03,Income,drawdown_frequency,85.714286,percent,21,synthetic,Descriptive synthetic result; compare with other groups and periods.
2025-03,Income,maximum_drawdown,-3.801769,percent,21,synthetic,Descriptive synthetic result; compare with other groups and periods.
2025-03,Income,average_absolute_correlation,0.53663,coefficient,21,synthetic,Descriptive synthetic result; compare with other groups and periods.
2025-04,Defensive,mean_return,0.075513,percent,22,synthetic,Descriptive synthetic result; compare with other groups and periods.
2025-04,Defensive,median_return,0.119734,percent,22,synthetic,Descriptive synthetic result; compare with other groups and periods.
2025-04,Defensive,standard_deviation,0.520317,percent,22,synthetic,Descriptive synthetic result; compare with other groups and periods.
2025-04,Defensive,variance,0.27073,percent_squared,22,synthetic,Descriptive synthetic result; compare with other groups and periods.
2025-04,Defensive,minimum_return,-0.993627,percent,22,synthetic,Descriptive synthetic result; compare with other groups and periods.
2025-04,Defensive,maximum_return,0.79569,percent,22,synthetic,Descriptive synthetic result; compare with other groups and periods.
2025-04,Defensive,percentile_25,-0.190202,percent,22,synthetic,Descriptive synthetic result; compare with other groups and periods.
2025-04,Defensive,percentile_75,0.466214,percent,22,synthetic,Descriptive synthetic result; compare with other groups and periods.
2025-04,Defensive,positive_period_probability,54.545455,percent,22,synthetic,Descriptive synthetic result; compare with other groups and periods.
2025-04,Defensive,negative_period_probability,45.454545,percent,22,synthetic,Descriptive synthetic result; compare with other groups and periods.
2025-04,Defensive,annualized_volatility,8.259775,percent,22,synthetic,Descriptive synthetic result; compare with other groups and periods.
2025-04,Defensive,downside_volatility,5.09619,percent,22,synthetic,Descriptive synthetic result; compare with other groups and periods.
2025-04,Defensive,drawdown_frequency,63.636364,percent,22,synthetic,Descriptive synthetic result; compare with other groups and periods.
2025-04,Defensive,maximum_drawdown,-1.272485,percent,22,synthetic,Descriptive synthetic result; compare with other groups and periods.
2025-04,Defensive,average_absolute_correlation,0.361245,coefficient,22,synthetic,Descriptive synthetic result; compare with other groups and periods.
2025-04,Diversifier,mean_return,0.000399,percent,22,synthetic,Descriptive synthetic result; compare with other groups and periods.
2025-04,Diversifier,median_return,0.003603,percent,22,synthetic,Descriptive synthetic result; compare with other groups and periods.
2025-04,Diversifier,standard_deviation,0.621202,percent,22,synthetic,Descriptive synthetic result; compare with other groups and periods.
2025-04,Diversifier,variance,0.385893,percent_squared,22,synthetic,Descriptive synthetic result; compare with other groups and periods.
2025-04,Diversifier,minimum_return,-1.172008,percent,22,synthetic,Descriptive synthetic result; compare with other groups and periods.
2025-04,Diversifier,maximum_return,1.530209,percent,22,synthetic,Descriptive synthetic result; compare with other groups and periods.
2025-04,Diversifier,percentile_25,-0.411538,percent,22,synthetic,Descriptive synthetic result; compare with other groups and periods.
2025-04,Diversifier,percentile_75,0.329992,percent,22,synthetic,Descriptive synthetic result; compare with other groups and periods.
2025-04,Diversifier,positive_period_probability,50.0,percent,22,synthetic,Descriptive synthetic result; compare with other groups and periods.
2025-04,Diversifier,negative_period_probability,50.0,percent,22,synthetic,Descriptive synthetic result; compare with other groups and periods.
2025-04,Diversifier,annualized_volatility,9.861284,percent,22,synthetic,Descriptive synthetic result; compare with other groups and periods.
2025-04,Diversifier,downside_volatility,4.983819,percent,22,synthetic,Descriptive synthetic result; compare with other groups and periods.
2025-04,Diversifier,drawdown_frequency,81.818182,percent,22,synthetic,Descriptive synthetic result; compare with other groups and periods.
2025-04,Diversifier,maximum_drawdown,-2.741781,percent,22,synthetic,Descriptive synthetic result; compare with other groups and periods.
2025-04,Diversifier,average_absolute_correlation,0.177646,coefficient,22,synthetic,Descriptive synthetic result; compare with other groups and periods.
2025-04,Growth,mean_return,0.356801,percent,22,synthetic,Descriptive synthetic result; compare with other groups and periods.
2025-04,Growth,median_return,0.312607,percent,22,synthetic,Descriptive synthetic result; compare with other groups and periods.
2025-04,Growth,standard_deviation,1.287938,percent,22,synthetic,Descriptive synthetic result; compare with other groups and periods.
2025-04,Growth,variance,1.658784,percent_squared,22,synthetic,Descriptive synthetic result; compare with other groups and periods.
2025-04,Growth,minimum_return,-2.128353,percent,22,synthetic,Descriptive synthetic result; compare with other groups and periods.
2025-04,Growth,maximum_return,2.582179,percent,22,synthetic,Descriptive synthetic result; compare with other groups and periods.
2025-04,Growth,percentile_25,-0.38382,percent,22,synthetic,Descriptive synthetic result; compare with other groups and periods.
2025-04,Growth,percentile_75,1.118187,percent,22,synthetic,Descriptive synthetic result; compare with other groups and periods.
2025-04,Growth,positive_period_probability,54.545455,percent,22,synthetic,Descriptive synthetic result; compare with other groups and periods.
2025-04,Growth,negative_period_probability,45.454545,percent,22,synthetic,Descriptive synthetic result; compare with other groups and periods.
2025-04,Growth,annualized_volatility,20.445381,percent,22,synthetic,Descriptive synthetic result; compare with other groups and periods.
2025-04,Growth,downside_volatility,11.099218,percent,22,synthetic,Descriptive synthetic result; compare with other groups and periods.
2025-04,Growth,drawdown_frequency,59.090909,percent,22,synthetic,Descriptive synthetic result; compare with other groups and periods.
2025-04,Growth,maximum_drawdown,-3.32689,percent,22,synthetic,Descriptive synthetic result; compare with other groups and periods.
2025-04,Growth,average_absolute_correlation,0.495589,coefficient,22,synthetic,Descriptive synthetic result; compare with other groups and periods.
2025-04,Income,mean_return,0.051994,percent,22,synthetic,Descriptive synthetic result; compare with other groups and periods.
2025-04,Income,median_return,0.138798,percent,22,synthetic,Descriptive synthetic result; compare with other groups and periods.
2025-04,Income,standard_deviation,0.515034,percent,22,synthetic,Descriptive synthetic result; compare with other groups and periods.
2025-04,Income,variance,0.26526,percent_squared,22,synthetic,Descriptive synthetic result; compare with other groups and periods.
2025-04,Income,minimum_return,-1.442154,percent,22,synthetic,Descriptive synthetic result; compare with other groups and periods.
2025-04,Income,maximum_return,0.869979,percent,22,synthetic,Descriptive synthetic result; compare with other groups and periods.
2025-04,Income,percentile_25,-0.070162,percent,22,synthetic,Descriptive synthetic result; compare with other groups and periods.
2025-04,Income,percentile_75,0.229043,percent,22,synthetic,Descriptive synthetic result; compare with other groups and periods.
2025-04,Income,positive_period_probability,59.090909,percent,22,synthetic,Descriptive synthetic result; compare with other groups and periods.
2025-04,Income,negative_period_probability,40.909091,percent,22,synthetic,Descriptive synthetic result; compare with other groups and periods.
2025-04,Income,annualized_volatility,8.175907,percent,22,synthetic,Descriptive synthetic result; compare with other groups and periods.
2025-04,Income,downside_volatility,8.147511,percent,22,synthetic,Descriptive synthetic result; compare with other groups and periods.
2025-04,Income,drawdown_frequency,77.272727,percent,22,synthetic,Descriptive synthetic result; compare with other groups and periods.
2025-04,Income,maximum_drawdown,-2.189819,percent,22,synthetic,Descriptive synthetic result; compare with other groups and periods.
2025-04,Income,average_absolute_correlation,0.395474,coefficient,22,synthetic,Descriptive synthetic result; compare with other groups and periods.
2025-05,Defensive,mean_return,-0.018236,percent,22,synthetic,Descriptive synthetic result; compare with other groups and periods.
2025-05,Defensive,median_return,0.020754,percent,22,synthetic,Descriptive synthetic result; compare with other groups and periods.
2025-05,Defensive,standard_deviation,0.691166,percent,22,synthetic,Descriptive synthetic result; compare with other groups and periods.
2025-05,Defensive,variance,0.47771,percent_squared,22,synthetic,Descriptive synthetic result; compare with other groups and periods.
2025-05,Defensive,minimum_return,-1.091078,percent,22,synthetic,Descriptive synthetic result; compare with other groups and periods.
2025-05,Defensive,maximum_return,1.189909,percent,22,synthetic,Descriptive synthetic result; compare with other groups and periods.
2025-05,Defensive,percentile_25,-0.587011,percent,22,synthetic,Descriptive synthetic result; compare with other groups and periods.
2025-05,Defensive,percentile_75,0.396655,percent,22,synthetic,Descriptive synthetic result; compare with other groups and periods.
2025-05,Defensive,positive_period_probability,50.0,percent,22,synthetic,Descriptive synthetic result; compare with other groups and periods.
2025-05,Defensive,negative_period_probability,50.0,percent,22,synthetic,Descriptive synthetic result; compare with other groups and periods.
2025-05,Defensive,annualized_volatility,10.971919,percent,22,synthetic,Descriptive synthetic result; compare with other groups and periods.
2025-05,Defensive,downside_volatility,5.798025,percent,22,synthetic,Descriptive synthetic result; compare with other groups and periods.
2025-05,Defensive,drawdown_frequency,77.272727,percent,22,synthetic,Descriptive synthetic result; compare with other groups and periods.
2025-05,Defensive,maximum_drawdown,-1.838709,percent,22,synthetic,Descriptive synthetic result; compare with other groups and periods.
2025-05,Defensive,average_absolute_correlation,0.587203,coefficient,22,synthetic,Descriptive synthetic result; compare with other groups and periods.
2025-05,Diversifier,mean_return,0.027773,percent,22,synthetic,Descriptive synthetic result; compare with other groups and periods.
2025-05,Diversifier,median_return,-0.092941,percent,22,synthetic,Descriptive synthetic result; compare with other groups and periods.
2025-05,Diversifier,standard_deviation,0.57584,percent,22,synthetic,Descriptive synthetic result; compare with other groups and periods.
2025-05,Diversifier,variance,0.331592,percent_squared,22,synthetic,Descriptive synthetic result; compare with other groups and periods.
2025-05,Diversifier,minimum_return,-0.860718,percent,22,synthetic,Descriptive synthetic result; compare with other groups and periods.
2025-05,Diversifier,maximum_return,1.744133,percent,22,synthetic,Descriptive synthetic result; compare with other groups and periods.
2025-05,Diversifier,percentile_25,-0.273769,percent,22,synthetic,Descriptive synthetic result; compare with other groups and periods.
2025-05,Diversifier,percentile_75,0.245873,percent,22,synthetic,Descriptive synthetic result; compare with other groups and periods.
2025-05,Diversifier,positive_period_probability,31.818182,percent,22,synthetic,Descriptive synthetic result; compare with other groups and periods.
2025-05,Diversifier,negative_period_probability,68.181818,percent,22,synthetic,Descriptive synthetic result; compare with other groups and periods.
2025-05,Diversifier,annualized_volatility,9.141178,percent,22,synthetic,Descriptive synthetic result; compare with other groups and periods.
2025-05,Diversifier,downside_volatility,3.507202,percent,22,synthetic,Descriptive synthetic result; compare with other groups and periods.
2025-05,Diversifier,drawdown_frequency,63.636364,percent,22,synthetic,Descriptive synthetic result; compare with other groups and periods.
2025-05,Diversifier,maximum_drawdown,-1.284626,percent,22,synthetic,Descriptive synthetic result; compare with other groups and periods.
2025-05,Diversifier,average_absolute_correlation,0.403106,coefficient,22,synthetic,Descriptive synthetic result; compare with other groups and periods.
2025-05,Growth,mean_return,-0.460854,percent,22,synthetic,Descriptive synthetic result; compare with other groups and periods.
2025-05,Growth,median_return,-0.393343,percent,22,synthetic,Descriptive synthetic result; compare with other groups and periods.
2025-05,Growth,standard_deviation,1.287887,percent,22,synthetic,Descriptive synthetic result; compare with other groups and periods.
2025-05,Growth,variance,1.658652,percent_squared,22,synthetic,Descriptive synthetic result; compare with other groups and periods.
2025-05,Growth,minimum_return,-2.780744,percent,22,synthetic,Descriptive synthetic result; compare with other groups and periods.
2025-05,Growth,maximum_return,1.868656,percent,22,synthetic,Descriptive synthetic result; compare with other groups and periods.
2025-05,Growth,percentile_25,-1.546419,percent,22,synthetic,Descriptive synthetic result; compare with other groups and periods.
2025-05,Growth,percentile_75,0.668417,percent,22,synthetic,Descriptive synthetic result; compare with other groups and periods.
2025-05,Growth,positive_period_probability,31.818182,percent,22,synthetic,Descriptive synthetic result; compare with other groups and periods.
2025-05,Growth,negative_period_probability,68.181818,percent,22,synthetic,Descriptive synthetic result; compare with other groups and periods.
2025-05,Growth,annualized_volatility,20.444566,percent,22,synthetic,Descriptive synthetic result; compare with other groups and periods.
2025-05,Growth,downside_volatility,13.584461,percent,22,synthetic,Descriptive synthetic result; compare with other groups and periods.
2025-05,Growth,drawdown_frequency,95.454545,percent,22,synthetic,Descriptive synthetic result; compare with other groups and periods.
2025-05,Growth,maximum_drawdown,-8.340531,percent,22,synthetic,Descriptive synthetic result; compare with other groups and periods.
2025-05,Growth,average_absolute_correlation,0.481436,coefficient,22,synthetic,Descriptive synthetic result; compare with other groups and periods.
2025-05,Income,mean_return,0.048474,percent,22,synthetic,Descriptive synthetic result; compare with other groups and periods.
2025-05,Income,median_return,0.07001,percent,22,synthetic,Descriptive synthetic result; compare with other groups and periods.
2025-05,Income,standard_deviation,0.554647,percent,22,synthetic,Descriptive synthetic result; compare with other groups and periods.
2025-05,Income,variance,0.307633,percent_squared,22,synthetic,Descriptive synthetic result; compare with other groups and periods.
2025-05,Income,minimum_return,-1.186665,percent,22,synthetic,Descriptive synthetic result; compare with other groups and periods.
2025-05,Income,maximum_return,1.31136,percent,22,synthetic,Descriptive synthetic result; compare with other groups and periods.
2025-05,Income,percentile_25,-0.156883,percent,22,synthetic,Descriptive synthetic result; compare with other groups and periods.
2025-05,Income,percentile_75,0.288005,percent,22,synthetic,Descriptive synthetic result; compare with other groups and periods.
2025-05,Income,positive_period_probability,54.545455,percent,22,synthetic,Descriptive synthetic result; compare with other groups and periods.
2025-05,Income,negative_period_probability,45.454545,percent,22,synthetic,Descriptive synthetic result; compare with other groups and periods.
2025-05,Income,annualized_volatility,8.804749,percent,22,synthetic,Descriptive synthetic result; compare with other groups and periods.
2025-05,Income,downside_volatility,6.551666,percent,22,synthetic,Descriptive synthetic result; compare with other groups and periods.
2025-05,Income,drawdown_frequency,77.272727,percent,22,synthetic,Descriptive synthetic result; compare with other groups and periods.
2025-05,Income,maximum_drawdown,-1.680327,percent,22,synthetic,Descriptive synthetic result; compare with other groups and periods.
2025-05,Income,average_absolute_correlation,0.539353,coefficient,22,synthetic,Descriptive synthetic result; compare with other groups and periods.
2025-06,Defensive,mean_return,0.161963,percent,21,synthetic,Descriptive synthetic result; compare with other groups and periods.
2025-06,Defensive,median_return,0.079321,percent,21,synthetic,Descriptive synthetic result; compare with other groups and periods.
2025-06,Defensive,standard_deviation,0.765022,percent,21,synthetic,Descriptive synthetic result; compare with other groups and periods.
2025-06,Defensive,variance,0.585258,percent_squared,21,synthetic,Descriptive synthetic result; compare with other groups and periods.
2025-06,Defensive,minimum_return,-1.610358,percent,21,synthetic,Descriptive synthetic result; compare with other groups and periods.
2025-06,Defensive,maximum_return,2.023327,percent,21,synthetic,Descriptive synthetic result; compare with other groups and periods.
2025-06,Defensive,percentile_25,-0.113196,percent,21,synthetic,Descriptive synthetic result; compare with other groups and periods.
2025-06,Defensive,percentile_75,0.704112,percent,21,synthetic,Descriptive synthetic result; compare with other groups and periods.
2025-06,Defensive,positive_period_probability,61.904762,percent,21,synthetic,Descriptive synthetic result; compare with other groups and periods.
2025-06,Defensive,negative_period_probability,38.095238,percent,21,synthetic,Descriptive synthetic result; compare with other groups and periods.
2025-06,Defensive,annualized_volatility,12.144343,percent,21,synthetic,Descriptive synthetic result; compare with other groups and periods.
2025-06,Defensive,downside_volatility,9.127423,percent,21,synthetic,Descriptive synthetic result; compare with other groups and periods.
2025-06,Defensive,drawdown_frequency,52.380952,percent,21,synthetic,Descriptive synthetic result; compare with other groups and periods.
2025-06,Defensive,maximum_drawdown,-1.912595,percent,21,synthetic,Descriptive synthetic result; compare with other groups and periods.
2025-06,Defensive,average_absolute_correlation,0.412783,coefficient,21,synthetic,Descriptive synthetic result; compare with other groups and periods.
2025-06,Diversifier,mean_return,-0.433165,percent,21,synthetic,Descriptive synthetic result; compare with other groups and periods.
2025-06,Diversifier,median_return,-0.411082,percent,21,synthetic,Descriptive synthetic result; compare with other groups and periods.
2025-06,Diversifier,standard_deviation,0.580356,percent,21,synthetic,Descriptive synthetic result; compare with other groups and periods.
2025-06,Diversifier,variance,0.336813,percent_squared,21,synthetic,Descriptive synthetic result; compare with other groups and periods.
2025-06,Diversifier,minimum_return,-1.558237,percent,21,synthetic,Descriptive synthetic result; compare with other groups and periods.
2025-06,Diversifier,maximum_return,1.195792,percent,21,synthetic,Descriptive synthetic result; compare with other groups and periods.
2025-06,Diversifier,percentile_25,-0.593254,percent,21,synthetic,Descriptive synthetic result; compare with other groups and periods.
2025-06,Diversifier,percentile_75,-0.287576,percent,21,synthetic,Descriptive synthetic result; compare with other groups and periods.
2025-06,Diversifier,positive_period_probability,14.285714,percent,21,synthetic,Descriptive synthetic result; compare with other groups and periods.
2025-06,Diversifier,negative_period_probability,85.714286,percent,21,synthetic,Descriptive synthetic result; compare with other groups and periods.
2025-06,Diversifier,annualized_volatility,9.212863,percent,21,synthetic,Descriptive synthetic result; compare with other groups and periods.
2025-06,Diversifier,downside_volatility,6.17518,percent,21,synthetic,Descriptive synthetic result; compare with other groups and periods.
2025-06,Diversifier,drawdown_frequency,95.238095,percent,21,synthetic,Descriptive synthetic result; compare with other groups and periods.
2025-06,Diversifier,maximum_drawdown,-8.124849,percent,21,synthetic,Descriptive synthetic result; compare with other groups and periods.
2025-06,Diversifier,average_absolute_correlation,0.403701,coefficient,21,synthetic,Descriptive synthetic result; compare with other groups and periods.
2025-06,Growth,mean_return,0.070469,percent,21,synthetic,Descriptive synthetic result; compare with other groups and periods.
2025-06,Growth,median_return,0.416512,percent,21,synthetic,Descriptive synthetic result; compare with other groups and periods.
2025-06,Growth,standard_deviation,1.168393,percent,21,synthetic,Descriptive synthetic result; compare with other groups and periods.
2025-06,Growth,variance,1.365142,percent_squared,21,synthetic,Descriptive synthetic result; compare with other groups and periods.
2025-06,Growth,minimum_return,-2.415713,percent,21,synthetic,Descriptive synthetic result; compare with other groups and periods.
2025-06,Growth,maximum_return,1.700818,percent,21,synthetic,Descriptive synthetic result; compare with other groups and periods.
2025-06,Growth,percentile_25,-0.825251,percent,21,synthetic,Descriptive synthetic result; compare with other groups and periods.
2025-06,Growth,percentile_75,0.808549,percent,21,synthetic,Descriptive synthetic result; compare with other groups and periods.
2025-06,Growth,positive_period_probability,66.666667,percent,21,synthetic,Descriptive synthetic result; compare with other groups and periods.
2025-06,Growth,negative_period_probability,33.333333,percent,21,synthetic,Descriptive synthetic result; compare with other groups and periods.
2025-06,Growth,annualized_volatility,18.547661,percent,21,synthetic,Descriptive synthetic result; compare with other groups and periods.
2025-06,Growth,downside_volatility,9.033528,percent,21,synthetic,Descriptive synthetic result; compare with other groups and periods.
2025-06,Growth,drawdown_frequency,61.904762,percent,21,synthetic,Descriptive synthetic result; compare with other groups and periods.
2025-06,Growth,maximum_drawdown,-3.714806,percent,21,synthetic,Descriptive synthetic result; compare with other groups and periods.
2025-06,Growth,average_absolute_correlation,0.496809,coefficient,21,synthetic,Descriptive synthetic result; compare with other groups and periods.
2025-06,Income,mean_return,-0.007423,percent,21,synthetic,Descriptive synthetic result; compare with other groups and periods.
2025-06,Income,median_return,0.051509,percent,21,synthetic,Descriptive synthetic result; compare with other groups and periods.
2025-06,Income,standard_deviation,0.562166,percent,21,synthetic,Descriptive synthetic result; compare with other groups and periods.
2025-06,Income,variance,0.316031,percent_squared,21,synthetic,Descriptive synthetic result; compare with other groups and periods.
2025-06,Income,minimum_return,-1.093388,percent,21,synthetic,Descriptive synthetic result; compare with other groups and periods.
2025-06,Income,maximum_return,0.951933,percent,21,synthetic,Descriptive synthetic result; compare with other groups and periods.
2025-06,Income,percentile_25,-0.272744,percent,21,synthetic,Descriptive synthetic result; compare with other groups and periods.
2025-06,Income,percentile_75,0.236948,percent,21,synthetic,Descriptive synthetic result; compare with other groups and periods.
2025-06,Income,positive_period_probability,57.142857,percent,21,synthetic,Descriptive synthetic result; compare with other groups and periods.
2025-06,Income,negative_period_probability,42.857143,percent,21,synthetic,Descriptive synthetic result; compare with other groups and periods.
2025-06,Income,annualized_volatility,8.924115,percent,21,synthetic,Descriptive synthetic result; compare with other groups and periods.
2025-06,Income,downside_volatility,6.263162,percent,21,synthetic,Descriptive synthetic result; compare with other groups and periods.
2025-06,Income,drawdown_frequency,57.142857,percent,21,synthetic,Descriptive synthetic result; compare with other groups and periods.
2025-06,Income,maximum_drawdown,-3.368669,percent,21,synthetic,Descriptive synthetic result; compare with other groups and periods.
2025-06,Income,average_absolute_correlation,0.520579,coefficient,21,synthetic,Descriptive synthetic result; compare with other groups and periods.
2025-07,Defensive,mean_return,0.044172,percent,23,synthetic,Descriptive synthetic result; compare with other groups and periods.
2025-07,Defensive,median_return,-0.114603,percent,23,synthetic,Descriptive synthetic result; compare with other groups and periods.
2025-07,Defensive,standard_deviation,0.737309,percent,23,synthetic,Descriptive synthetic result; compare with other groups and periods.
2025-07,Defensive,variance,0.543625,percent_squared,23,synthetic,Descriptive synthetic result; compare with other groups and periods.
2025-07,Defensive,minimum_return,-1.203042,percent,23,synthetic,Descriptive synthetic result; compare with other groups and periods.
2025-07,Defensive,maximum_return,1.305326,percent,23,synthetic,Descriptive synthetic result; compare with other groups and periods.
2025-07,Defensive,percentile_25,-0.485161,percent,23,synthetic,Descriptive synthetic result; compare with other groups and periods.
2025-07,Defensive,percentile_75,0.674924,percent,23,synthetic,Descriptive synthetic result; compare with other groups and periods.
2025-07,Defensive,positive_period_probability,43.478261,percent,23,synthetic,Descriptive synthetic result; compare with other groups and periods.
2025-07,Defensive,negative_period_probability,56.521739,percent,23,synthetic,Descriptive synthetic result; compare with other groups and periods.
2025-07,Defensive,annualized_volatility,11.704418,percent,23,synthetic,Descriptive synthetic result; compare with other groups and periods.
2025-07,Defensive,downside_volatility,5.660985,percent,23,synthetic,Descriptive synthetic result; compare with other groups and periods.
2025-07,Defensive,drawdown_frequency,78.26087,percent,23,synthetic,Descriptive synthetic result; compare with other groups and periods.
2025-07,Defensive,maximum_drawdown,-1.365083,percent,23,synthetic,Descriptive synthetic result; compare with other groups and periods.
2025-07,Defensive,average_absolute_correlation,0.435037,coefficient,23,synthetic,Descriptive synthetic result; compare with other groups and periods.
2025-07,Diversifier,mean_return,0.137473,percent,23,synthetic,Descriptive synthetic result; compare with other groups and periods.
2025-07,Diversifier,median_return,0.089895,percent,23,synthetic,Descriptive synthetic result; compare with other groups and periods.
2025-07,Diversifier,standard_deviation,0.629792,percent,23,synthetic,Descriptive synthetic result; compare with other groups and periods.
2025-07,Diversifier,variance,0.396638,percent_squared,23,synthetic,Descriptive synthetic result; compare with other groups and periods.
2025-07,Diversifier,minimum_return,-0.821543,percent,23,synthetic,Descriptive synthetic result; compare with other groups and periods.
2025-07,Diversifier,maximum_return,1.649125,percent,23,synthetic,Descriptive synthetic result; compare with other groups and periods.
2025-07,Diversifier,percentile_25,-0.251321,percent,23,synthetic,Descriptive synthetic result; compare with other groups and periods.
2025-07,Diversifier,percentile_75,0.340712,percent,23,synthetic,Descriptive synthetic result; compare with other groups and periods.
2025-07,Diversifier,positive_period_probability,60.869565,percent,23,synthetic,Descriptive synthetic result; compare with other groups and periods.
2025-07,Diversifier,negative_period_probability,39.130435,percent,23,synthetic,Descriptive synthetic result; compare with other groups and periods.
2025-07,Diversifier,annualized_volatility,9.997637,percent,23,synthetic,Descriptive synthetic result; compare with other groups and periods.
2025-07,Diversifier,downside_volatility,4.643075,percent,23,synthetic,Descriptive synthetic result; compare with other groups and periods.
2025-07,Diversifier,drawdown_frequency,73.913043,percent,23,synthetic,Descriptive synthetic result; compare with other groups and periods.
2025-07,Diversifier,maximum_drawdown,-2.219844,percent,23,synthetic,Descriptive synthetic result; compare with other groups and periods.
2025-07,Diversifier,average_absolute_correlation,0.107401,coefficient,23,synthetic,Descriptive synthetic result; compare with other groups and periods.
2025-07,Growth,mean_return,-0.228703,percent,23,synthetic,Descriptive synthetic result; compare with other groups and periods.
2025-07,Growth,median_return,-0.104397,percent,23,synthetic,Descriptive synthetic result; compare with other groups and periods.
2025-07,Growth,standard_deviation,1.012904,percent,23,synthetic,Descriptive synthetic result; compare with other groups and periods.
2025-07,Growth,variance,1.025975,percent_squared,23,synthetic,Descriptive synthetic result; compare with other groups and periods.
2025-07,Growth,minimum_return,-2.376278,percent,23,synthetic,Descriptive synthetic result; compare with other groups and periods.
2025-07,Growth,maximum_return,1.688022,percent,23,synthetic,Descriptive synthetic result; compare with other groups and periods.
2025-07,Growth,percentile_25,-0.833508,percent,23,synthetic,Descriptive synthetic result; compare with other groups and periods.
2025-07,Growth,percentile_75,0.406609,percent,23,synthetic,Descriptive synthetic result; compare with other groups and periods.
2025-07,Growth,positive_period_probability,43.478261,percent,23,synthetic,Descriptive synthetic result; compare with other groups and periods.
2025-07,Growth,negative_period_probability,56.521739,percent,23,synthetic,Descriptive synthetic result; compare with other groups and periods.
2025-07,Growth,annualized_volatility,16.079358,percent,23,synthetic,Descriptive synthetic result; compare with other groups and periods.
2025-07,Growth,downside_volatility,11.843115,percent,23,synthetic,Descriptive synthetic result; compare with other groups and periods.
2025-07,Growth,drawdown_frequency,91.304348,percent,23,synthetic,Descriptive synthetic result; compare with other groups and periods.
2025-07,Growth,maximum_drawdown,-8.149658,percent,23,synthetic,Descriptive synthetic result; compare with other groups and periods.
2025-07,Growth,average_absolute_correlation,0.474944,coefficient,23,synthetic,Descriptive synthetic result; compare with other groups and periods.
2025-07,Income,mean_return,0.025705,percent,23,synthetic,Descriptive synthetic result; compare with other groups and periods.
2025-07,Income,median_return,0.136336,percent,23,synthetic,Descriptive synthetic result; compare with other groups and periods.
2025-07,Income,standard_deviation,0.597894,percent,23,synthetic,Descriptive synthetic result; compare with other groups and periods.
2025-07,Income,variance,0.357478,percent_squared,23,synthetic,Descriptive synthetic result; compare with other groups and periods.
2025-07,Income,minimum_return,-1.480129,percent,23,synthetic,Descriptive synthetic result; compare with other groups and periods.
2025-07,Income,maximum_return,1.074006,percent,23,synthetic,Descriptive synthetic result; compare with other groups and periods.
2025-07,Income,percentile_25,-0.373599,percent,23,synthetic,Descriptive synthetic result; compare with other groups and periods.
2025-07,Income,percentile_75,0.396984,percent,23,synthetic,Descriptive synthetic result; compare with other groups and periods.
2025-07,Income,positive_period_probability,60.869565,percent,23,synthetic,Descriptive synthetic result; compare with other groups and periods.
2025-07,Income,negative_period_probability,39.130435,percent,23,synthetic,Descriptive synthetic result; compare with other groups and periods.
2025-07,Income,annualized_volatility,9.491278,percent,23,synthetic,Descriptive synthetic result; compare with other groups and periods.
2025-07,Income,downside_volatility,6.278049,percent,23,synthetic,Descriptive synthetic result; compare with other groups and periods.
2025-07,Income,drawdown_frequency,82.608696,percent,23,synthetic,Descriptive synthetic result; compare with other groups and periods.
2025-07,Income,maximum_drawdown,-2.691683,percent,23,synthetic,Descriptive synthetic result; compare with other groups and periods.
2025-07,Income,average_absolute_correlation,0.333818,coefficient,23,synthetic,Descriptive synthetic result; compare with other groups and periods.
2025-08,Defensive,mean_return,0.182934,percent,21,synthetic,Descriptive synthetic result; compare with other groups and periods.
2025-08,Defensive,median_return,0.003744,percent,21,synthetic,Descriptive synthetic result; compare with other groups and periods.
2025-08,Defensive,standard_deviation,0.599281,percent,21,synthetic,Descriptive synthetic result; compare with other groups and periods.
2025-08,Defensive,variance,0.359138,percent_squared,21,synthetic,Descriptive synthetic result; compare with other groups and periods.
2025-08,Defensive,minimum_return,-1.26612,percent,21,synthetic,Descriptive synthetic result; compare with other groups and periods.
2025-08,Defensive,maximum_return,1.337902,percent,21,synthetic,Descriptive synthetic result; compare with other groups and periods.
2025-08,Defensive,percentile_25,-0.181833,percent,21,synthetic,Descriptive synthetic result; compare with other groups and periods.
2025-08,Defensive,percentile_75,0.392395,percent,21,synthetic,Descriptive synthetic result; compare with other groups and periods.
2025-08,Defensive,positive_period_probability,52.380952,percent,21,synthetic,Descriptive synthetic result; compare with other groups and periods.
2025-08,Defensive,negative_period_probability,47.619048,percent,21,synthetic,Descriptive synthetic result; compare with other groups and periods.
2025-08,Defensive,annualized_volatility,9.513295,percent,21,synthetic,Descriptive synthetic result; compare with other groups and periods.
2025-08,Defensive,downside_volatility,5.885635,percent,21,synthetic,Descriptive synthetic result; compare with other groups and periods.
2025-08,Defensive,drawdown_frequency,52.380952,percent,21,synthetic,Descriptive synthetic result; compare with other groups and periods.
2025-08,Defensive,maximum_drawdown,-1.30467,percent,21,synthetic,Descriptive synthetic result; compare with other groups and periods.
2025-08,Defensive,average_absolute_correlation,0.293678,coefficient,21,synthetic,Descriptive synthetic result; compare with other groups and periods.
2025-08,Diversifier,mean_return,-0.075802,percent,21,synthetic,Descriptive synthetic result; compare with other groups and periods.
2025-08,Diversifier,median_return,-0.169901,percent,21,synthetic,Descriptive synthetic result; compare with other groups and periods.
2025-08,Diversifier,standard_deviation,0.849936,percent,21,synthetic,Descriptive synthetic result; compare with other groups and periods.
2025-08,Diversifier,variance,0.722391,percent_squared,21,synthetic,Descriptive synthetic result; compare with other groups and periods.
2025-08,Diversifier,minimum_return,-1.803607,percent,21,synthetic,Descriptive synthetic result; compare with other groups and periods.
2025-08,Diversifier,maximum_return,1.826521,percent,21,synthetic,Descriptive synthetic result; compare with other groups and periods.
2025-08,Diversifier,percentile_25,-0.570511,percent,21,synthetic,Descriptive synthetic result; compare with other groups and periods.
2025-08,Diversifier,percentile_75,0.611252,percent,21,synthetic,Descriptive synthetic result; compare with other groups and periods.
2025-08,Diversifier,positive_period_probability,42.857143,percent,21,synthetic,Descriptive synthetic result; compare with other groups and periods.
2025-08,Diversifier,negative_period_probability,57.142857,percent,21,synthetic,Descriptive synthetic result; compare with other groups and periods.
2025-08,Diversifier,annualized_volatility,13.492314,percent,21,synthetic,Descriptive synthetic result; compare with other groups and periods.
2025-08,Diversifier,downside_volatility,7.882522,percent,21,synthetic,Descriptive synthetic result; compare with other groups and periods.
2025-08,Diversifier,drawdown_frequency,85.714286,percent,21,synthetic,Descriptive synthetic result; compare with other groups and periods.
2025-08,Diversifier,maximum_drawdown,-3.543821,percent,21,synthetic,Descriptive synthetic result; compare with other groups and periods.
2025-08,Diversifier,average_absolute_correlation,0.089456,coefficient,21,synthetic,Descriptive synthetic result; compare with other groups and periods.
2025-08,Growth,mean_return,0.449031,percent,21,synthetic,Descriptive synthetic result; compare with other groups and periods.
2025-08,Growth,median_return,0.314366,percent,21,synthetic,Descriptive synthetic result; compare with other groups and periods.
2025-08,Growth,standard_deviation,1.268054,percent,21,synthetic,Descriptive synthetic result; compare with other groups and periods.
2025-08,Growth,variance,1.607961,percent_squared,21,synthetic,Descriptive synthetic result; compare with other groups and periods.
2025-08,Growth,minimum_return,-1.677004,percent,21,synthetic,Descriptive synthetic result; compare with other groups and periods.
2025-08,Growth,maximum_return,2.432893,percent,21,synthetic,Descriptive synthetic result; compare with other groups and periods.
2025-08,Growth,percentile_25,-0.405685,percent,21,synthetic,Descriptive synthetic result; compare with other groups and periods.
2025-08,Growth,percentile_75,1.490588,percent,21,synthetic,Descriptive synthetic result; compare with other groups and periods.
2025-08,Growth,positive_period_probability,61.904762,percent,21,synthetic,Descriptive synthetic result; compare with other groups and periods.
2025-08,Growth,negative_period_probability,38.095238,percent,21,synthetic,Descriptive synthetic result; compare with other groups and periods.
2025-08,Growth,annualized_volatility,20.12973,percent,21,synthetic,Descriptive synthetic result; compare with other groups and periods.
2025-08,Growth,downside_volatility,9.646922,percent,21,synthetic,Descriptive synthetic result; compare with other groups and periods.
2025-08,Growth,drawdown_frequency,42.857143,percent,21,synthetic,Descriptive synthetic result; compare with other groups and periods.
2025-08,Growth,maximum_drawdown,-3.775546,percent,21,synthetic,Descriptive synthetic result; compare with other groups and periods.
2025-08,Growth,average_absolute_correlation,0.381335,coefficient,21,synthetic,Descriptive synthetic result; compare with other groups and periods.
2025-08,Income,mean_return,0.04855,percent,21,synthetic,Descriptive synthetic result; compare with other groups and periods.
2025-08,Income,median_return,0.132179,percent,21,synthetic,Descriptive synthetic result; compare with other groups and periods.
2025-08,Income,standard_deviation,0.493143,percent,21,synthetic,Descriptive synthetic result; compare with other groups and periods.
2025-08,Income,variance,0.24319,percent_squared,21,synthetic,Descriptive synthetic result; compare with other groups and periods.
2025-08,Income,minimum_return,-0.979924,percent,21,synthetic,Descriptive synthetic result; compare with other groups and periods.
2025-08,Income,maximum_return,1.086833,percent,21,synthetic,Descriptive synthetic result; compare with other groups and periods.
2025-08,Income,percentile_25,-0.287648,percent,21,synthetic,Descriptive synthetic result; compare with other groups and periods.
2025-08,Income,percentile_75,0.318783,percent,21,synthetic,Descriptive synthetic result; compare with other groups and periods.
2025-08,Income,positive_period_probability,57.142857,percent,21,synthetic,Descriptive synthetic result; compare with other groups and periods.
2025-08,Income,negative_period_probability,42.857143,percent,21,synthetic,Descriptive synthetic result; compare with other groups and periods.
2025-08,Income,annualized_volatility,7.8284,percent,21,synthetic,Descriptive synthetic result; compare with other groups and periods.
2025-08,Income,downside_volatility,4.494064,percent,21,synthetic,Descriptive synthetic result; compare with other groups and periods.
2025-08,Income,drawdown_frequency,85.714286,percent,21,synthetic,Descriptive synthetic result; compare with other groups and periods.
2025-08,Income,maximum_drawdown,-1.809002,percent,21,synthetic,Descriptive synthetic result; compare with other groups and periods.
2025-08,Income,average_absolute_correlation,0.273894,coefficient,21,synthetic,Descriptive synthetic result; compare with other groups and periods.
2025-09,Defensive,mean_return,0.175991,percent,22,synthetic,Descriptive synthetic result; compare with other groups and periods.
2025-09,Defensive,median_return,0.104625,percent,22,synthetic,Descriptive synthetic result; compare with other groups and periods.
2025-09,Defensive,standard_deviation,0.721053,percent,22,synthetic,Descriptive synthetic result; compare with other groups and periods.
2025-09,Defensive,variance,0.519918,percent_squared,22,synthetic,Descriptive synthetic result; compare with other groups and periods.
2025-09,Defensive,minimum_return,-1.163843,percent,22,synthetic,Descriptive synthetic result; compare with other groups and periods.
2025-09,Defensive,maximum_return,1.961831,percent,22,synthetic,Descriptive synthetic result; compare with other groups and periods.
2025-09,Defensive,percentile_25,-0.270358,percent,22,synthetic,Descriptive synthetic result; compare with other groups and periods.
2025-09,Defensive,percentile_75,0.522894,percent,22,synthetic,Descriptive synthetic result; compare with other groups and periods.
2025-09,Defensive,positive_period_probability,54.545455,percent,22,synthetic,Descriptive synthetic result; compare with other groups and periods.
2025-09,Defensive,negative_period_probability,45.454545,percent,22,synthetic,Descriptive synthetic result; compare with other groups and periods.
2025-09,Defensive,annualized_volatility,11.446364,percent,22,synthetic,Descriptive synthetic result; compare with other groups and periods.
2025-09,Defensive,downside_volatility,5.021783,percent,22,synthetic,Descriptive synthetic result; compare with other groups and periods.
2025-09,Defensive,drawdown_frequency,63.636364,percent,22,synthetic,Descriptive synthetic result; compare with other groups and periods.
2025-09,Defensive,maximum_drawdown,-2.046289,percent,22,synthetic,Descriptive synthetic result; compare with other groups and periods.
2025-09,Defensive,average_absolute_correlation,0.374057,coefficient,22,synthetic,Descriptive synthetic result; compare with other groups and periods.
2025-09,Diversifier,mean_return,0.057999,percent,22,synthetic,Descriptive synthetic result; compare with other groups and periods.
2025-09,Diversifier,median_return,0.332448,percent,22,synthetic,Descriptive synthetic result; compare with other groups and periods.
2025-09,Diversifier,standard_deviation,0.917551,percent,22,synthetic,Descriptive synthetic result; compare with other groups and periods.
2025-09,Diversifier,variance,0.841899,percent_squared,22,synthetic,Descriptive synthetic result; compare with other groups and periods.
2025-09,Diversifier,minimum_return,-1.607682,percent,22,synthetic,Descriptive synthetic result; compare with other groups and periods.
2025-09,Diversifier,maximum_return,1.590085,percent,22,synthetic,Descriptive synthetic result; compare with other groups and periods.
2025-09,Diversifier,percentile_25,-0.550872,percent,22,synthetic,Descriptive synthetic result; compare with other groups and periods.
2025-09,Diversifier,percentile_75,0.579959,percent,22,synthetic,Descriptive synthetic result; compare with other groups and periods.
2025-09,Diversifier,positive_period_probability,59.090909,percent,22,synthetic,Descriptive synthetic result; compare with other groups and periods.
2025-09,Diversifier,negative_period_probability,40.909091,percent,22,synthetic,Descriptive synthetic result; compare with other groups and periods.
2025-09,Diversifier,annualized_volatility,14.565668,percent,22,synthetic,Descriptive synthetic result; compare with other groups and periods.
2025-09,Diversifier,downside_volatility,9.352443,percent,22,synthetic,Descriptive synthetic result; compare with other groups and periods.
2025-09,Diversifier,drawdown_frequency,59.090909,percent,22,synthetic,Descriptive synthetic result; compare with other groups and periods.
2025-09,Diversifier,maximum_drawdown,-5.53576,percent,22,synthetic,Descriptive synthetic result; compare with other groups and periods.
2025-09,Diversifier,average_absolute_correlation,0.221499,coefficient,22,synthetic,Descriptive synthetic result; compare with other groups and periods.
2025-09,Growth,mean_return,0.063736,percent,22,synthetic,Descriptive synthetic result; compare with other groups and periods.
2025-09,Growth,median_return,-0.433998,percent,22,synthetic,Descriptive synthetic result; compare with other groups and periods.
2025-09,Growth,standard_deviation,1.573556,percent,22,synthetic,Descriptive synthetic result; compare with other groups and periods.
2025-09,Growth,variance,2.476079,percent_squared,22,synthetic,Descriptive synthetic result; compare with other groups and periods.
2025-09,Growth,minimum_return,-2.028626,percent,22,synthetic,Descriptive synthetic result; compare with other groups and periods.
2025-09,Growth,maximum_return,3.617252,percent,22,synthetic,Descriptive synthetic result; compare with other groups and periods.
2025-09,Growth,percentile_25,-1.094359,percent,22,synthetic,Descriptive synthetic result; compare with other groups and periods.
2025-09,Growth,percentile_75,0.906241,percent,22,synthetic,Descriptive synthetic result; compare with other groups and periods.
2025-09,Growth,positive_period_probability,40.909091,percent,22,synthetic,Descriptive synthetic result; compare with other groups and periods.
2025-09,Growth,negative_period_probability,59.090909,percent,22,synthetic,Descriptive synthetic result; compare with other groups and periods.
2025-09,Growth,annualized_volatility,24.97943,percent,22,synthetic,Descriptive synthetic result; compare with other groups and periods.
2025-09,Growth,downside_volatility,9.399705,percent,22,synthetic,Descriptive synthetic result; compare with other groups and periods.
2025-09,Growth,drawdown_frequency,86.363636,percent,22,synthetic,Descriptive synthetic result; compare with other groups and periods.
2025-09,Growth,maximum_drawdown,-5.111148,percent,22,synthetic,Descriptive synthetic result; compare with other groups and periods.
2025-09,Growth,average_absolute_correlation,0.431697,coefficient,22,synthetic,Descriptive synthetic result; compare with other groups and periods.
2025-09,Income,mean_return,0.209849,percent,22,synthetic,Descriptive synthetic result; compare with other groups and periods.
2025-09,Income,median_return,0.096771,percent,22,synthetic,Descriptive synthetic result; compare with other groups and periods.
2025-09,Income,standard_deviation,0.494185,percent,22,synthetic,Descriptive synthetic result; compare with other groups and periods.
2025-09,Income,variance,0.244218,percent_squared,22,synthetic,Descriptive synthetic result; compare with other groups and periods.
2025-09,Income,minimum_return,-0.527717,percent,22,synthetic,Descriptive synthetic result; compare with other groups and periods.
2025-09,Income,maximum_return,1.643253,percent,22,synthetic,Descriptive synthetic result; compare with other groups and periods.
2025-09,Income,percentile_25,-0.120215,percent,22,synthetic,Descriptive synthetic result; compare with other groups and periods.
2025-09,Income,percentile_75,0.499354,percent,22,synthetic,Descriptive synthetic result; compare with other groups and periods.
2025-09,Income,positive_period_probability,63.636364,percent,22,synthetic,Descriptive synthetic result; compare with other groups and periods.
2025-09,Income,negative_period_probability,36.363636,percent,22,synthetic,Descriptive synthetic result; compare with other groups and periods.
2025-09,Income,annualized_volatility,7.844938,percent,22,synthetic,Descriptive synthetic result; compare with other groups and periods.
2025-09,Income,downside_volatility,2.295554,percent,22,synthetic,Descriptive synthetic result; compare with other groups and periods.
2025-09,Income,drawdown_frequency,50.0,percent,22,synthetic,Descriptive synthetic result; compare with other groups and periods.
2025-09,Income,maximum_drawdown,-1.150519,percent,22,synthetic,Descriptive synthetic result; compare with other groups and periods.
2025-09,Income,average_absolute_correlation,0.290106,coefficient,22,synthetic,Descriptive synthetic result; compare with other groups and periods.
2025-10,Defensive,mean_return,-0.3248,percent,23,synthetic,Descriptive synthetic result; compare with other groups and periods.
2025-10,Defensive,median_return,-0.093203,percent,23,synthetic,Descriptive synthetic result; compare with other groups and periods.
2025-10,Defensive,standard_deviation,0.780741,percent,23,synthetic,Descriptive synthetic result; compare with other groups and periods.
2025-10,Defensive,variance,0.609557,percent_squared,23,synthetic,Descriptive synthetic result; compare with other groups and periods.
2025-10,Defensive,minimum_return,-2.118036,percent,23,synthetic,Descriptive synthetic result; compare with other groups and periods.
2025-10,Defensive,maximum_return,0.818376,percent,23,synthetic,Descriptive synthetic result; compare with other groups and periods.
2025-10,Defensive,percentile_25,-1.013336,percent,23,synthetic,Descriptive synthetic result; compare with other groups and periods.
2025-10,Defensive,percentile_75,0.278851,percent,23,synthetic,Descriptive synthetic result; compare with other groups and periods.
2025-10,Defensive,positive_period_probability,43.478261,percent,23,synthetic,Descriptive synthetic result; compare with other groups and periods.
2025-10,Defensive,negative_period_probability,56.521739,percent,23,synthetic,Descriptive synthetic result; compare with other groups and periods.
2025-10,Defensive,annualized_volatility,12.393883,percent,23,synthetic,Descriptive synthetic result; compare with other groups and periods.
2025-10,Defensive,downside_volatility,8.927728,percent,23,synthetic,Descriptive synthetic result; compare with other groups and periods.
2025-10,Defensive,drawdown_frequency,86.956522,percent,23,synthetic,Descriptive synthetic result; compare with other groups and periods.
2025-10,Defensive,maximum_drawdown,-8.902434,percent,23,synthetic,Descriptive synthetic result; compare with other groups and periods.
2025-10,Defensive,average_absolute_correlation,0.584714,coefficient,23,synthetic,Descriptive synthetic result; compare with other groups and periods.
2025-10,Diversifier,mean_return,-0.217774,percent,23,synthetic,Descriptive synthetic result; compare with other groups and periods.
2025-10,Diversifier,median_return,-0.065793,percent,23,synthetic,Descriptive synthetic result; compare with other groups and periods.
2025-10,Diversifier,standard_deviation,0.574197,percent,23,synthetic,Descriptive synthetic result; compare with other groups and periods.
2025-10,Diversifier,variance,0.329702,percent_squared,23,synthetic,Descriptive synthetic result; compare with other groups and periods.
2025-10,Diversifier,minimum_return,-1.306077,percent,23,synthetic,Descriptive synthetic result; compare with other groups and periods.
2025-10,Diversifier,maximum_return,0.868802,percent,23,synthetic,Descriptive synthetic result; compare with other groups and periods.
2025-10,Diversifier,percentile_25,-0.643376,percent,23,synthetic,Descriptive synthetic result; compare with other groups and periods.
2025-10,Diversifier,percentile_75,0.087327,percent,23,synthetic,Descriptive synthetic result; compare with other groups and periods.
2025-10,Diversifier,positive_period_probability,39.130435,percent,23,synthetic,Descriptive synthetic result; compare with other groups and periods.
2025-10,Diversifier,negative_period_probability,60.869565,percent,23,synthetic,Descriptive synthetic result; compare with other groups and periods.
2025-10,Diversifier,annualized_volatility,9.115091,percent,23,synthetic,Descriptive synthetic result; compare with other groups and periods.
2025-10,Diversifier,downside_volatility,6.771819,percent,23,synthetic,Descriptive synthetic result; compare with other groups and periods.
2025-10,Diversifier,drawdown_frequency,78.26087,percent,23,synthetic,Descriptive synthetic result; compare with other groups and periods.
2025-10,Diversifier,maximum_drawdown,-4.989156,percent,23,synthetic,Descriptive synthetic result; compare with other groups and periods.
2025-10,Diversifier,average_absolute_correlation,0.400952,coefficient,23,synthetic,Descriptive synthetic result; compare with other groups and periods.
2025-10,Growth,mean_return,0.013829,percent,23,synthetic,Descriptive synthetic result; compare with other groups and periods.
2025-10,Growth,median_return,-0.125604,percent,23,synthetic,Descriptive synthetic result; compare with other groups and periods.
2025-10,Growth,standard_deviation,1.471215,percent,23,synthetic,Descriptive synthetic result; compare with other groups and periods.
2025-10,Growth,variance,2.164474,percent_squared,23,synthetic,Descriptive synthetic result; compare with other groups and periods.
2025-10,Growth,minimum_return,-2.988213,percent,23,synthetic,Descriptive synthetic result; compare with other groups and periods.
2025-10,Growth,maximum_return,2.706147,percent,23,synthetic,Descriptive synthetic result; compare with other groups and periods.
2025-10,Growth,percentile_25,-1.184414,percent,23,synthetic,Descriptive synthetic result; compare with other groups and periods.
2025-10,Growth,percentile_75,1.168537,percent,23,synthetic,Descriptive synthetic result; compare with other groups and periods.
2025-10,Growth,positive_period_probability,47.826087,percent,23,synthetic,Descriptive synthetic result; compare with other groups and periods.
2025-10,Growth,negative_period_probability,52.173913,percent,23,synthetic,Descriptive synthetic result; compare with other groups and periods.
2025-10,Growth,annualized_volatility,23.354819,percent,23,synthetic,Descriptive synthetic result; compare with other groups and periods.
2025-10,Growth,downside_volatility,13.121137,percent,23,synthetic,Descriptive synthetic result; compare with other groups and periods.
2025-10,Growth,drawdown_frequency,73.913043,percent,23,synthetic,Descriptive synthetic result; compare with other groups and periods.
2025-10,Growth,maximum_drawdown,-7.143224,percent,23,synthetic,Descriptive synthetic result; compare with other groups and periods.
2025-10,Growth,average_absolute_correlation,0.505239,coefficient,23,synthetic,Descriptive synthetic result; compare with other groups and periods.
2025-10,Income,mean_return,-0.199356,percent,23,synthetic,Descriptive synthetic result; compare with other groups and periods.
2025-10,Income,median_return,-0.101666,percent,23,synthetic,Descriptive synthetic result; compare with other groups and periods.
2025-10,Income,standard_deviation,0.568143,percent,23,synthetic,Descriptive synthetic result; compare with other groups and periods.
2025-10,Income,variance,0.322786,percent_squared,23,synthetic,Descriptive synthetic result; compare with other groups and periods.
2025-10,Income,minimum_return,-1.285673,percent,23,synthetic,Descriptive synthetic result; compare with other groups and periods.
2025-10,Income,maximum_return,0.755369,percent,23,synthetic,Descriptive synthetic result; compare with other groups and periods.
2025-10,Income,percentile_25,-0.734856,percent,23,synthetic,Descriptive synthetic result; compare with other groups and periods.
2025-10,Income,percentile_75,0.190146,percent,23,synthetic,Descriptive synthetic result; compare with other groups and periods.
2025-10,Income,positive_period_probability,43.478261,percent,23,synthetic,Descriptive synthetic result; compare with other groups and periods.
2025-10,Income,negative_period_probability,56.521739,percent,23,synthetic,Descriptive synthetic result; compare with other groups and periods.
2025-10,Income,annualized_volatility,9.018986,percent,23,synthetic,Descriptive synthetic result; compare with other groups and periods.
2025-10,Income,downside_volatility,5.792186,percent,23,synthetic,Descriptive synthetic result; compare with other groups and periods.
2025-10,Income,drawdown_frequency,82.608696,percent,23,synthetic,Descriptive synthetic result; compare with other groups and periods.
2025-10,Income,maximum_drawdown,-5.093508,percent,23,synthetic,Descriptive synthetic result; compare with other groups and periods.
2025-10,Income,average_absolute_correlation,0.57982,coefficient,23,synthetic,Descriptive synthetic result; compare with other groups and periods.
2025-11,Defensive,mean_return,-0.063628,percent,20,synthetic,Descriptive synthetic result; compare with other groups and periods.
2025-11,Defensive,median_return,-0.154842,percent,20,synthetic,Descriptive synthetic result; compare with other groups and periods.
2025-11,Defensive,standard_deviation,0.770126,percent,20,synthetic,Descriptive synthetic result; compare with other groups and periods.
2025-11,Defensive,variance,0.593094,percent_squared,20,synthetic,Descriptive synthetic result; compare with other groups and periods.
2025-11,Defensive,minimum_return,-2.234464,percent,20,synthetic,Descriptive synthetic result; compare with other groups and periods.
2025-11,Defensive,maximum_return,1.39349,percent,20,synthetic,Descriptive synthetic result; compare with other groups and periods.
2025-11,Defensive,percentile_25,-0.404785,percent,20,synthetic,Descriptive synthetic result; compare with other groups and periods.
2025-11,Defensive,percentile_75,0.503751,percent,20,synthetic,Descriptive synthetic result; compare with other groups and periods.
2025-11,Defensive,positive_period_probability,40.0,percent,20,synthetic,Descriptive synthetic result; compare with other groups and periods.
2025-11,Defensive,negative_period_probability,60.0,percent,20,synthetic,Descriptive synthetic result; compare with other groups and periods.
2025-11,Defensive,annualized_volatility,12.225372,percent,20,synthetic,Descriptive synthetic result; compare with other groups and periods.
2025-11,Defensive,downside_volatility,9.183686,percent,20,synthetic,Descriptive synthetic result; compare with other groups and periods.
2025-11,Defensive,drawdown_frequency,90.0,percent,20,synthetic,Descriptive synthetic result; compare with other groups and periods.
2025-11,Defensive,maximum_drawdown,-3.123846,percent,20,synthetic,Descriptive synthetic result; compare with other groups and periods.
2025-11,Defensive,average_absolute_correlation,0.360117,coefficient,20,synthetic,Descriptive synthetic result; compare with other groups and periods.
2025-11,Diversifier,mean_return,0.223651,percent,20,synthetic,Descriptive synthetic result; compare with other groups and periods.
2025-11,Diversifier,median_return,0.211009,percent,20,synthetic,Descriptive synthetic result; compare with other groups and periods.
2025-11,Diversifier,standard_deviation,0.557925,percent,20,synthetic,Descriptive synthetic result; compare with other groups and periods.
2025-11,Diversifier,variance,0.311281,percent_squared,20,synthetic,Descriptive synthetic result; compare with other groups and periods.
2025-11,Diversifier,minimum_return,-0.971185,percent,20,synthetic,Descriptive synthetic result; compare with other groups and periods.
2025-11,Diversifier,maximum_return,1.286033,percent,20,synthetic,Descriptive synthetic result; compare with other groups and periods.
2025-11,Diversifier,percentile_25,-0.018863,percent,20,synthetic,Descriptive synthetic result; compare with other groups and periods.
2025-11,Diversifier,percentile_75,0.640987,percent,20,synthetic,Descriptive synthetic result; compare with other groups and periods.
2025-11,Diversifier,positive_period_probability,70.0,percent,20,synthetic,Descriptive synthetic result; compare with other groups and periods.
2025-11,Diversifier,negative_period_probability,30.0,percent,20,synthetic,Descriptive synthetic result; compare with other groups and periods.
2025-11,Diversifier,annualized_volatility,8.856788,percent,20,synthetic,Descriptive synthetic result; compare with other groups and periods.
2025-11,Diversifier,downside_volatility,5.653556,percent,20,synthetic,Descriptive synthetic result; compare with other groups and periods.
2025-11,Diversifier,drawdown_frequency,35.0,percent,20,synthetic,Descriptive synthetic result; compare with other groups and periods.
2025-11,Diversifier,maximum_drawdown,-1.487038,percent,20,synthetic,Descriptive synthetic result; compare with other groups and periods.
2025-11,Diversifier,average_absolute_correlation,0.229226,coefficient,20,synthetic,Descriptive synthetic result; compare with other groups and periods.
2025-11,Growth,mean_return,0.215084,percent,20,synthetic,Descriptive synthetic result; compare with other groups and periods.
2025-11,Growth,median_return,0.401388,percent,20,synthetic,Descriptive synthetic result; compare with other groups and periods.
2025-11,Growth,standard_deviation,1.272787,percent,20,synthetic,Descriptive synthetic result; compare with other groups and periods.
2025-11,Growth,variance,1.619986,percent_squared,20,synthetic,Descriptive synthetic result; compare with other groups and periods.
2025-11,Growth,minimum_return,-2.682008,percent,20,synthetic,Descriptive synthetic result; compare with other groups and periods.
2025-11,Growth,maximum_return,1.791094,percent,20,synthetic,Descriptive synthetic result; compare with other groups and periods.
2025-11,Growth,percentile_25,-0.644832,percent,20,synthetic,Descriptive synthetic result; compare with other groups and periods.
2025-11,Growth,percentile_75,1.14734,percent,20,synthetic,Descriptive synthetic result; compare with other groups and periods.
2025-11,Growth,positive_period_probability,70.0,percent,20,synthetic,Descriptive synthetic result; compare with other groups and periods.
2025-11,Growth,negative_period_probability,30.0,percent,20,synthetic,Descriptive synthetic result; compare with other groups and periods.
2025-11,Growth,annualized_volatility,20.204863,percent,20,synthetic,Descriptive synthetic result; compare with other groups and periods.
2025-11,Growth,downside_volatility,13.812869,percent,20,synthetic,Descriptive synthetic result; compare with other groups and periods.
2025-11,Growth,drawdown_frequency,60.0,percent,20,synthetic,Descriptive synthetic result; compare with other groups and periods.
2025-11,Growth,maximum_drawdown,-3.800842,percent,20,synthetic,Descriptive synthetic result; compare with other groups and periods.
2025-11,Growth,average_absolute_correlation,0.371181,coefficient,20,synthetic,Descriptive synthetic result; compare with other groups and periods.
2025-11,Income,mean_return,-0.038222,percent,20,synthetic,Descriptive synthetic result; compare with other groups and periods.
2025-11,Income,median_return,0.00881,percent,20,synthetic,Descriptive synthetic result; compare with other groups and periods.
2025-11,Income,standard_deviation,0.466053,percent,20,synthetic,Descriptive synthetic result; compare with other groups and periods.
2025-11,Income,variance,0.217205,percent_squared,20,synthetic,Descriptive synthetic result; compare with other groups and periods.
2025-11,Income,minimum_return,-0.890293,percent,20,synthetic,Descriptive synthetic result; compare with other groups and periods.
2025-11,Income,maximum_return,0.802857,percent,20,synthetic,Descriptive synthetic result; compare with other groups and periods.
2025-11,Income,percentile_25,-0.356634,percent,20,synthetic,Descriptive synthetic result; compare with other groups and periods.
2025-11,Income,percentile_75,0.293135,percent,20,synthetic,Descriptive synthetic result; compare with other groups and periods.
2025-11,Income,positive_period_probability,50.0,percent,20,synthetic,Descriptive synthetic result; compare with other groups and periods.
2025-11,Income,negative_period_probability,50.0,percent,20,synthetic,Descriptive synthetic result; compare with other groups and periods.
2025-11,Income,annualized_volatility,7.398363,percent,20,synthetic,Descriptive synthetic result; compare with other groups and periods.
2025-11,Income,downside_volatility,4.593401,percent,20,synthetic,Descriptive synthetic result; compare with other groups and periods.
2025-11,Income,drawdown_frequency,70.0,percent,20,synthetic,Descriptive synthetic result; compare with other groups and periods.
2025-11,Income,maximum_drawdown,-2.294706,percent,20,synthetic,Descriptive synthetic result; compare with other groups and periods.
2025-11,Income,average_absolute_correlation,0.190044,coefficient,20,synthetic,Descriptive synthetic result; compare with other groups and periods.
2025-12,Defensive,mean_return,-0.159627,percent,23,synthetic,Descriptive synthetic result; compare with other groups and periods.
2025-12,Defensive,median_return,-0.269631,percent,23,synthetic,Descriptive synthetic result; compare with other groups and periods.
2025-12,Defensive,standard_deviation,0.777781,percent,23,synthetic,Descriptive synthetic result; compare with other groups and periods.
2025-12,Defensive,variance,0.604943,percent_squared,23,synthetic,Descriptive synthetic result; compare with other groups and periods.
2025-12,Defensive,minimum_return,-1.586981,percent,23,synthetic,Descriptive synthetic result; compare with other groups and periods.
2025-12,Defensive,maximum_return,1.615072,percent,23,synthetic,Descriptive synthetic result; compare with other groups and periods.
2025-12,Defensive,percentile_25,-0.61447,percent,23,synthetic,Descriptive synthetic result; compare with other groups and periods.
2025-12,Defensive,percentile_75,0.402341,percent,23,synthetic,Descriptive synthetic result; compare with other groups and periods.
2025-12,Defensive,positive_period_probability,34.782609,percent,23,synthetic,Descriptive synthetic result; compare with other groups and periods.
2025-12,Defensive,negative_period_probability,65.217391,percent,23,synthetic,Descriptive synthetic result; compare with other groups and periods.
2025-12,Defensive,annualized_volatility,12.346889,percent,23,synthetic,Descriptive synthetic result; compare with other groups and periods.
2025-12,Defensive,downside_volatility,7.213709,percent,23,synthetic,Descriptive synthetic result; compare with other groups and periods.
2025-12,Defensive,drawdown_frequency,91.304348,percent,23,synthetic,Descriptive synthetic result; compare with other groups and periods.
2025-12,Defensive,maximum_drawdown,-4.222074,percent,23,synthetic,Descriptive synthetic result; compare with other groups and periods.
2025-12,Defensive,average_absolute_correlation,0.412849,coefficient,23,synthetic,Descriptive synthetic result; compare with other groups and periods.
2025-12,Diversifier,mean_return,-0.067467,percent,23,synthetic,Descriptive synthetic result; compare with other groups and periods.
2025-12,Diversifier,median_return,-0.123115,percent,23,synthetic,Descriptive synthetic result; compare with other groups and periods.
2025-12,Diversifier,standard_deviation,0.774299,percent,23,synthetic,Descriptive synthetic result; compare with other groups and periods.
2025-12,Diversifier,variance,0.599538,percent_squared,23,synthetic,Descriptive synthetic result; compare with other groups and periods.
2025-12,Diversifier,minimum_return,-1.33321,percent,23,synthetic,Descriptive synthetic result; compare with other groups and periods.
2025-12,Diversifier,maximum_return,1.273354,percent,23,synthetic,Descriptive synthetic result; compare with other groups and periods.
2025-12,Diversifier,percentile_25,-0.715278,percent,23,synthetic,Descriptive synthetic result; compare with other groups and periods.
2025-12,Diversifier,percentile_75,0.602095,percent,23,synthetic,Descriptive synthetic result; compare with other groups and periods.
2025-12,Diversifier,positive_period_probability,43.478261,percent,23,synthetic,Descriptive synthetic result; compare with other groups and periods.
2025-12,Diversifier,negative_period_probability,56.521739,percent,23,synthetic,Descriptive synthetic result; compare with other groups and periods.
2025-12,Diversifier,annualized_volatility,12.29161,percent,23,synthetic,Descriptive synthetic result; compare with other groups and periods.
2025-12,Diversifier,downside_volatility,6.722026,percent,23,synthetic,Descriptive synthetic result; compare with other groups and periods.
2025-12,Diversifier,drawdown_frequency,91.304348,percent,23,synthetic,Descriptive synthetic result; compare with other groups and periods.
2025-12,Diversifier,maximum_drawdown,-2.838676,percent,23,synthetic,Descriptive synthetic result; compare with other groups and periods.
2025-12,Diversifier,average_absolute_correlation,0.183522,coefficient,23,synthetic,Descriptive synthetic result; compare with other groups and periods.
2025-12,Growth,mean_return,-0.182509,percent,23,synthetic,Descriptive synthetic result; compare with other groups and periods.
2025-12,Growth,median_return,-0.007973,percent,23,synthetic,Descriptive synthetic result; compare with other groups and periods.
2025-12,Growth,standard_deviation,1.513851,percent,23,synthetic,Descriptive synthetic result; compare with other groups and periods.
2025-12,Growth,variance,2.291746,percent_squared,23,synthetic,Descriptive synthetic result; compare with other groups and periods.
2025-12,Growth,minimum_return,-3.448344,percent,23,synthetic,Descriptive synthetic result; compare with other groups and periods.
2025-12,Growth,maximum_return,3.523855,percent,23,synthetic,Descriptive synthetic result; compare with other groups and periods.
2025-12,Growth,percentile_25,-0.761663,percent,23,synthetic,Descriptive synthetic result; compare with other groups and periods.
2025-12,Growth,percentile_75,0.49614,percent,23,synthetic,Descriptive synthetic result; compare with other groups and periods.
2025-12,Growth,positive_period_probability,47.826087,percent,23,synthetic,Descriptive synthetic result; compare with other groups and periods.
2025-12,Growth,negative_period_probability,52.173913,percent,23,synthetic,Descriptive synthetic result; compare with other groups and periods.
2025-12,Growth,annualized_volatility,24.031646,percent,23,synthetic,Descriptive synthetic result; compare with other groups and periods.
2025-12,Growth,downside_volatility,18.657444,percent,23,synthetic,Descriptive synthetic result; compare with other groups and periods.
2025-12,Growth,drawdown_frequency,86.956522,percent,23,synthetic,Descriptive synthetic result; compare with other groups and periods.
2025-12,Growth,maximum_drawdown,-5.950659,percent,23,synthetic,Descriptive synthetic result; compare with other groups and periods.
2025-12,Growth,average_absolute_correlation,0.478362,coefficient,23,synthetic,Descriptive synthetic result; compare with other groups and periods.
2025-12,Income,mean_return,-0.080392,percent,23,synthetic,Descriptive synthetic result; compare with other groups and periods.
2025-12,Income,median_return,-0.251215,percent,23,synthetic,Descriptive synthetic result; compare with other groups and periods.
2025-12,Income,standard_deviation,0.686972,percent,23,synthetic,Descriptive synthetic result; compare with other groups and periods.
2025-12,Income,variance,0.471931,percent_squared,23,synthetic,Descriptive synthetic result; compare with other groups and periods.
2025-12,Income,minimum_return,-1.926938,percent,23,synthetic,Descriptive synthetic result; compare with other groups and periods.
2025-12,Income,maximum_return,1.189498,percent,23,synthetic,Descriptive synthetic result; compare with other groups and periods.
2025-12,Income,percentile_25,-0.495316,percent,23,synthetic,Descriptive synthetic result; compare with other groups and periods.
2025-12,Income,percentile_75,0.456014,percent,23,synthetic,Descriptive synthetic result; compare with other groups and periods.
2025-12,Income,positive_period_probability,39.130435,percent,23,synthetic,Descriptive synthetic result; compare with other groups and periods.
2025-12,Income,negative_period_probability,60.869565,percent,23,synthetic,Descriptive synthetic result; compare with other groups and periods.
2025-12,Income,annualized_volatility,10.905349,percent,23,synthetic,Descriptive synthetic result; compare with other groups and periods.
2025-12,Income,downside_volatility,7.19354,percent,23,synthetic,Descriptive synthetic result; compare with other groups and periods.
2025-12,Income,drawdown_frequency,78.26087,percent,23,synthetic,Descriptive synthetic result; compare with other groups and periods.
2025-12,Income,maximum_drawdown,-4.122838,percent,23,synthetic,Descriptive synthetic result; compare with other groups and periods.
2025-12,Income,average_absolute_correlation,0.427101,coefficient,23,synthetic,Descriptive synthetic result; compare with other groups and periods.
